ID,Create Date,Execution Date,STATUS,PRIORITY,Responsibility,Description,Linked Defects
Test001,2023-03-28,2023-04-17,Blocked,P2,US,Desc for Test001,"D038,D011,D005,D032,D038,D036,D031"
Test002,2023-03-28,2023-03-28,Blocked,P4,US,Desc for Test002,"D002,D012,D036,D005,D034,D012,D035,D047,D030,D050"
Test003,2023-03-05,2023-05-13,Blocked,P2,Asia,Desc for Test003,"D005,D051,D016,D001,D046,D008,D022,D048"
Test004,2023-03-11,2023-08-01,Fail,P4,US,Desc for Test004,D004
Test005,2023-03-03,2023-07-20,Pass,P3,Asia,Desc for Test005,
Test006,2023-01-22,,No run,P2,Asia,Desc for Test006,
Test007,2023-01-13,2023-06-16,Fail,P1,US,Desc for Test007,"D039,D042,D031,D017"
Test008,2023-02-03,2023-07-10,Blocked,P2,Europe,Desc for Test008,"D039,D044,D009,D041,D043,D022,D006,D051,D049,D013"
Test009,2023-03-07,2023-08-01,Blocked,P1,US,Desc for Test009,"D050,D017,D021,D038,D031"
Test0010,2023-03-03,2023-08-01,Blocked,P2,Europe,Desc for Test0010,
Test0011,2023-01-29,,No run,P2,US,Desc for Test0011,
Test0012,2023-03-02,2023-08-01,Blocked,P2,US,Desc for Test0012,"D048,D018,D053,D047,D014,D008,D047,D004"
Test0013,2023-04-07,,No run,P2,US,Desc for Test0013,
Test0014,2023-01-29,2023-08-01,Pass,P4,US,Desc for Test0014,
Test0015,2023-02-25,2023-07-28,Blocked,P4,US,Desc for Test0015,"D015,D026,D021,D027,D006,D049"
Test0016,2023-03-15,2023-06-12,Blocked,P2,US,Desc for Test0016,
Test0017,2023-04-06,2023-06-06,Blocked,P2,Europe,Desc for Test0017,"D043,D017,D044,D007"
Test0018,2023-03-29,,No run,P3,US,Desc for Test0018,
Test0019,2023-03-16,2023-07-27,Pass,P3,Asia,Desc for Test0019,
Test0020,2023-03-10,,No run,P2,US,Desc for Test0020,
Test0021,2023-01-23,2023-08-01,Pass,P2,Europe,Desc for Test0021,
Test0022,2023-03-20,2023-07-08,Blocked,P4,US,Desc for Test0022,"D028,D023,D048,D030,D043,D025,D042,D044,D011,D008"
Test0023,2023-04-16,2023-05-24,Fail,P3,US,Desc for Test0023,D008
Test0024,2023-03-02,2023-06-24,Pass,P4,Asia,Desc for Test0024,
Test0025,2023-03-24,2023-08-01,Pass,P2,US,Desc for Test0025,
Test0026,2023-03-20,2023-05-12,Fail,P4,Europe,Desc for Test0026,"D053,D036,D020,D035,D015"
Test0027,2023-01-22,2023-05-14,Pass,P4,Asia,Desc for Test0027,
Test0028,2023-01-20,2023-03-24,Blocked,P3,US,Desc for Test0028,"D017,D021"
Test0029,2023-03-04,2023-06-13,Fail,P3,Asia,Desc for Test0029,
Test0030,2023-04-21,2023-08-01,Pass,P1,US,Desc for Test0030,
Test0031,2023-03-08,2023-05-04,Blocked,P2,US,Desc for Test0031,"D046,D047,D001,D021"
Test0032,2023-04-13,2023-06-23,Fail,P3,US,Desc for Test0032,"D002,D008,D045"
Test0033,2023-02-08,2023-03-05,Blocked,P2,US,Desc for Test0033,"D001,D015,D015,D015,D049,D023,D045,D010,D013"
Test0034,2023-04-05,2023-06-20,Blocked,P1,Europe,Desc for Test0034,D039
Test0035,2023-03-09,2023-08-01,Pass,P2,Asia,Desc for Test0035,
Test0036,2023-02-05,,No run,P2,Asia,Desc for Test0036,
Test0037,2023-02-20,2023-04-11,Blocked,P2,Asia,Desc for Test0037,"D007,D020,D017,D018,D044,D006"
Test0038,2023-04-18,,No run,P4,US,Desc for Test0038,
Test0039,2023-04-20,,No run,P2,US,Desc for Test0039,
Test0040,2023-03-13,2023-06-14,Blocked,P2,Europe,Desc for Test0040,"D028,D035,D002,D027,D044,D032,D026,D018,D022"
Test0041,2023-02-13,2023-08-01,Blocked,P2,US,Desc for Test0041,D011
Test0042,2023-03-17,2023-07-16,Blocked,P4,US,Desc for Test0042,
Test0043,2023-03-13,2023-05-11,Blocked,P1,US,Desc for Test0043,"D004,D015,D008,D039,D034,D005,D053"
Test0044,2023-04-11,2023-05-11,Blocked,P1,US,Desc for Test0044,
Test0045,2023-02-02,2023-07-11,Pass,P2,US,Desc for Test0045,
Test0046,2023-02-01,2023-07-19,Pass,P3,US,Desc for Test0046,
Test0047,2023-03-26,,No run,P4,Europe,Desc for Test0047,
Test0048,2023-03-09,2023-07-24,Pass,P3,Europe,Desc for Test0048,
Test0049,2023-01-26,2023-05-29,Blocked,P2,Europe,Desc for Test0049,"D028,D002,D038"
Test0050,2023-04-16,2023-08-01,Fail,P1,US,Desc for Test0050,"D043,D040,D018"
Test0051,2023-02-04,2023-06-12,Pass,P3,US,Desc for Test0051,
Test0052,2023-03-17,2023-05-10,Blocked,P3,US,Desc for Test0052,"D016,D049,D010,D023,D009,D029,D021"
Test0053,2023-03-05,2023-08-01,Blocked,P2,Europe,Desc for Test0053,"D050,D031,D046,D040,D046,D037,D047,D016,D027"
Test0054,2023-02-15,,No run,P1,US,Desc for Test0054,
Test0055,2023-03-26,2023-05-16,Blocked,P1,US,Desc for Test0055,"D011,D051,D038,D024,D002,D026"
Test0056,2023-01-23,,No run,P4,Europe,Desc for Test0056,
Test0057,2023-01-17,2023-02-18,Blocked,P4,US,Desc for Test0057,"D013,D024,D053,D041"
Test0058,2023-01-25,2023-06-13,Fail,P2,Asia,Desc for Test0058,"D023,D030,D039,D048,D025,D008,D050,D051"
Test0059,2023-02-09,,No run,P3,US,Desc for Test0059,
Test0060,2023-03-14,2023-05-11,Blocked,P3,US,Desc for Test0060,D014
Test0061,2023-01-15,2023-05-27,Pass,P2,Asia,Desc for Test0061,
Test0062,2023-04-12,,No run,P1,US,Desc for Test0062,
Test0063,2023-03-02,2023-04-06,Fail,P2,US,Desc for Test0063,D007
Test0064,2023-04-21,,No run,P4,US,Desc for Test0064,
Test0065,2023-03-25,2023-05-24,Pass,P2,US,Desc for Test0065,
Test0066,2023-01-31,2023-03-15,Blocked,P3,US,Desc for Test0066,"D017,D015,D030,D023,D027,D030,D034,D006,D035,D053"
Test0067,2023-04-18,2023-08-01,Blocked,P4,US,Desc for Test0067,"D007,D036,D036"
Test0068,2023-04-17,2023-06-12,Fail,P2,US,Desc for Test0068,"D049,D026,D016,D038"
Test0069,2023-02-16,2023-03-22,Pass,P2,US,Desc for Test0069,
Test0070,2023-02-05,,No run,P3,US,Desc for Test0070,
Test0071,2023-04-19,2023-07-08,Blocked,P1,US,Desc for Test0071,"D002,D052"
Test0072,2023-02-25,,No run,P3,US,Desc for Test0072,
Test0073,2023-04-04,2023-08-01,Blocked,P3,US,Desc for Test0073,"D034,D016,D022,D030"
Test0074,2023-03-23,2023-05-29,Blocked,P1,Asia,Desc for Test0074,"D004,D024,D003,D040,D034,D043,D042,D003,D039,D012"
Test0075,2023-04-08,2023-07-09,Blocked,P4,Asia,Desc for Test0075,"D041,D051,D016,D032,D003,D020,D005,D036,D050"
Test0076,2023-03-11,2023-04-06,Pass,P3,US,Desc for Test0076,
Test0077,2023-02-20,2023-03-31,Fail,P3,US,Desc for Test0077,"D006,D014,D039,D027,D045,D020"
Test0078,2023-01-19,,No run,P2,US,Desc for Test0078,
Test0079,2023-01-21,2023-03-18,Blocked,P2,US,Desc for Test0079,"D003,D040,D040,D021,D011,D046,D034,D004"
Test0080,2023-04-19,2023-08-01,Fail,P4,US,Desc for Test0080,"D051,D020,D001,D004,D032,D037,D025"
Test0081,2023-03-27,2023-08-01,Fail,P1,Asia,Desc for Test0081,D043
Test0082,2023-01-18,,No run,P3,Asia,Desc for Test0082,
Test0083,2023-03-29,2023-08-01,Blocked,P4,US,Desc for Test0083,"D034,D004,D020"
Test0084,2023-03-17,2023-08-01,Fail,P1,US,Desc for Test0084,"D008,D029,D011,D053,D036"
Test0085,2023-02-16,2023-07-05,Blocked,P4,US,Desc for Test0085,"D050,D020,D001,D027,D002,D034,D036,D002"
Test0086,2023-03-04,2023-03-07,Blocked,P2,US,Desc for Test0086,
Test0087,2023-02-02,2023-06-05,Fail,P1,Europe,Desc for Test0087,D035
Test0088,2023-02-18,2023-03-03,Fail,P2,US,Desc for Test0088,"D031,D002,D046,D019,D032,D045,D013,D024"
Test0089,2023-02-24,2023-05-31,Fail,P1,US,Desc for Test0089,"D032,D025,D021,D025,D049,D037"
Test0090,2023-01-26,2023-02-27,Fail,P4,Asia,Desc for Test0090,"D029,D001,D020,D005,D020,D036,D045,D014,D035,D002"
Test0091,2023-02-21,2023-03-28,Pass,P4,Asia,Desc for Test0091,
Test0092,2023-02-05,2023-06-14,Blocked,P2,US,Desc for Test0092,"D051,D040,D037,D020,D031,D042,D009"
Test0093,2023-02-13,2023-04-29,Fail,P4,US,Desc for Test0093,D006
Test0094,2023-01-18,2023-06-25,Blocked,P3,Europe,Desc for Test0094,"D045,D018,D014,D036,D041"
Test0095,2023-03-02,2023-07-10,Blocked,P2,Asia,Desc for Test0095,
Test0096,2023-02-16,2023-06-27,Fail,P1,Asia,Desc for Test0096,"D009,D037,D052,D034,D035,D021,D041,D009,D043,D007"
Test0097,2023-03-05,,No run,P4,Europe,Desc for Test0097,
Test0098,2023-02-11,2023-03-08,Pass,P4,Europe,Desc for Test0098,
Test0099,2023-02-20,,No run,P3,US,Desc for Test0099,
Test00100,2023-01-14,2023-04-28,Blocked,P4,Asia,Desc for Test00100,"D024,D006"
Test00101,2023-01-29,2023-07-13,Fail,P4,US,Desc for Test00101,"D019,D045,D010,D003,D016,D007,D051,D030"
Test00102,2023-01-19,2023-08-01,Fail,P2,US,Desc for Test00102,"D025,D019,D047,D038"
Test00103,2023-01-22,,No run,P2,Europe,Desc for Test00103,
Test00104,2023-04-05,2023-05-08,Pass,P2,Asia,Desc for Test00104,
Test00105,2023-01-15,,No run,P4,Europe,Desc for Test00105,
Test00106,2023-01-29,2023-05-08,Blocked,P1,US,Desc for Test00106,"D045,D020,D026,D033,D026,D048,D048"
Test00107,2023-03-13,,No run,P2,Europe,Desc for Test00107,
Test00108,2023-03-23,,No run,P1,US,Desc for Test00108,
Test00109,2023-04-10,2023-08-01,Blocked,P4,US,Desc for Test00109,"D016,D025,D007,D001,D001"
Test00110,2023-02-25,2023-05-10,Pass,P2,US,Desc for Test00110,
Test00111,2023-02-18,2023-06-08,Pass,P2,US,Desc for Test00111,
Test00112,2023-02-15,2023-06-16,Blocked,P4,US,Desc for Test00112,"D020,D035,D033,D017,D052,D029,D050,D035,D003"
Test00113,2023-02-18,2023-08-01,Pass,P3,Europe,Desc for Test00113,
Test00114,2023-02-15,2023-06-16,Blocked,P2,US,Desc for Test00114,"D023,D019,D005"
Test00115,2023-04-01,2023-05-31,Blocked,P2,US,Desc for Test00115,D044
Test00116,2023-04-06,2023-05-26,Blocked,P2,US,Desc for Test00116,"D019,D052,D039,D038,D024,D002,D014,D050,D033,D041"
Test00117,2023-01-19,2023-07-15,Pass,P2,Europe,Desc for Test00117,
Test00118,2023-02-28,2023-07-15,Fail,P2,US,Desc for Test00118,"D043,D008,D010,D050,D003,D043,D035"
Test00119,2023-02-02,2023-06-08,Pass,P2,Europe,Desc for Test00119,
Test00120,2023-03-28,2023-08-01,Pass,P3,US,Desc for Test00120,
Test00121,2023-02-13,2023-06-12,Blocked,P3,Asia,Desc for Test00121,"D010,D030,D020,D050"
Test00122,2023-03-07,2023-08-01,Pass,P1,Asia,Desc for Test00122,
Test00123,2023-03-19,2023-08-01,Pass,P3,Asia,Desc for Test00123,
Test00124,2023-04-22,2023-08-01,Blocked,P4,US,Desc for Test00124,
Test00125,2023-03-23,2023-08-01,Fail,P2,Asia,Desc for Test00125,"D023,D032,D030,D002,D023,D035"
Test00126,2023-04-09,2023-08-01,Blocked,P1,Asia,Desc for Test00126,"D037,D028,D008"
Test00127,2023-01-30,2023-02-09,Fail,P1,Asia,Desc for Test00127,"D039,D034,D008,D012,D015,D014,D039"
Test00128,2023-03-24,2023-08-01,Pass,P2,Asia,Desc for Test00128,
Test00129,2023-02-20,2023-08-01,Blocked,P2,US,Desc for Test00129,"D045,D026,D023,D002"
Test00130,2023-02-05,,No run,P3,US,Desc for Test00130,
Test00131,2023-03-30,,No run,P1,US,Desc for Test00131,
Test00132,2023-03-06,,No run,P4,US,Desc for Test00132,
Test00133,2023-03-29,2023-07-08,Fail,P2,US,Desc for Test00133,"D042,D018,D036"
Test00134,2023-03-12,2023-07-12,Pass,P1,Europe,Desc for Test00134,
Test00135,2023-02-27,2023-06-28,Blocked,P3,Asia,Desc for Test00135,"D045,D006,D034,D051,D053,D004,D044,D043,D004,D047"
Test00136,2023-04-20,,No run,P2,US,Desc for Test00136,
Test00137,2023-03-03,2023-06-09,Fail,P3,Europe,Desc for Test00137,"D015,D005,D001"
Test00138,2023-02-09,,No run,P3,US,Desc for Test00138,
Test00139,2023-04-12,2023-08-01,Blocked,P2,US,Desc for Test00139,"D023,D027,D031,D052,D007"
Test00140,2023-04-04,,No run,P3,Asia,Desc for Test00140,
Test00141,2023-02-07,2023-08-01,Fail,P1,US,Desc for Test00141,
Test00142,2023-02-12,,No run,P1,Asia,Desc for Test00142,
Test00143,2023-01-21,2023-03-11,Blocked,P1,Europe,Desc for Test00143,
Test00144,2023-04-12,2023-06-02,Fail,P1,Europe,Desc for Test00144,"D014,D046,D036,D025,D024,D016,D053,D051"
Test00145,2023-04-18,2023-08-01,Fail,P1,US,Desc for Test00145,"D049,D022,D030,D027,D028,D042"
Test00146,2023-03-27,,No run,P1,US,Desc for Test00146,
Test00147,2023-03-20,2023-05-25,Blocked,P3,US,Desc for Test00147,"D038,D011,D041,D048,D030,D008,D045"
Test00148,2023-03-21,2023-08-01,Blocked,P1,US,Desc for Test00148,"D021,D027,D045,D038,D014,D002"
Test00149,2023-01-22,2023-08-01,Fail,P2,US,Desc for Test00149,"D032,D051,D005,D027,D052,D027,D035,D052"
Test00150,2023-01-30,2023-03-20,Blocked,P1,US,Desc for Test00150,"D029,D028,D035,D023,D020,D021,D012"
Test00151,2023-02-09,,No run,P3,Europe,Desc for Test00151,
Test00152,2023-04-17,2023-04-24,Fail,P1,US,Desc for Test00152,D031
Test00153,2023-02-05,2023-06-09,Fail,P1,Europe,Desc for Test00153,"D022,D047,D011,D035,D038,D049"
Test00154,2023-04-05,2023-06-29,Pass,P2,Asia,Desc for Test00154,
Test00155,2023-02-02,2023-04-05,Blocked,P3,Europe,Desc for Test00155,"D023,D019"
Test00156,2023-02-25,2023-08-01,Pass,P2,US,Desc for Test00156,
Test00157,2023-03-24,2023-06-03,Pass,P4,US,Desc for Test00157,
Test00158,2023-01-15,2023-01-21,Pass,P3,Europe,Desc for Test00158,
Test00159,2023-03-30,2023-08-01,Pass,P1,Europe,Desc for Test00159,
Test00160,2023-02-15,2023-08-01,Blocked,P2,Asia,Desc for Test00160,"D003,D030,D048,D022,D028,D038"
Test00161,2023-04-23,2023-05-30,Fail,P4,US,Desc for Test00161,"D004,D020,D010,D005,D010,D043"
Test00162,2023-04-03,2023-07-06,Blocked,P1,Asia,Desc for Test00162,D015
Test00163,2023-01-20,,No run,P4,US,Desc for Test00163,
Test00164,2023-01-28,2023-04-27,Blocked,P3,US,Desc for Test00164,"D009,D036,D003,D019,D023,D009,D015,D030,D042"
Test00165,2023-02-24,2023-07-09,Fail,P2,US,Desc for Test00165,"D021,D013,D015,D004,D012,D008,D046,D019,D033,D033"
Test00166,2023-02-22,2023-03-23,Fail,P1,US,Desc for Test00166,"D050,D030,D012"
Test00167,2023-04-04,2023-06-17,Blocked,P3,Asia,Desc for Test00167,"D012,D029,D033,D013,D018,D048,D030"
Test00168,2023-04-08,2023-04-19,Fail,P3,US,Desc for Test00168,"D053,D032,D022,D033,D029,D030,D016,D041"
Test00169,2023-03-26,2023-06-28,Blocked,P2,US,Desc for Test00169,"D053,D018,D016,D027,D035,D045,D019,D008,D039"
Test00170,2023-04-14,2023-06-30,Fail,P2,US,Desc for Test00170,"D023,D049,D044,D044,D041,D047,D036"
Test00171,2023-03-01,2023-06-03,Blocked,P1,US,Desc for Test00171,"D005,D003,D023,D004,D050,D006,D053,D009"
Test00172,2023-03-06,,No run,P4,US,Desc for Test00172,
Test00173,2023-02-03,2023-05-27,Blocked,P2,Europe,Desc for Test00173,"D048,D031"
Test00174,2023-04-20,2023-06-14,Blocked,P2,US,Desc for Test00174,"D012,D012,D003,D043,D017,D043,D028,D051,D022"
Test00175,2023-03-31,2023-08-01,Fail,P2,US,Desc for Test00175,"D043,D024,D023,D007"
Test00176,2023-02-06,,No run,P3,US,Desc for Test00176,
Test00177,2023-04-21,2023-05-05,Blocked,P4,US,Desc for Test00177,"D008,D010,D040,D009,D005,D034,D032"
Test00178,2023-01-18,2023-04-30,Pass,P4,US,Desc for Test00178,
Test00179,2023-03-14,,No run,P2,Europe,Desc for Test00179,
Test00180,2023-03-11,,No run,P3,US,Desc for Test00180,
Test00181,2023-02-24,2023-06-17,Fail,P2,US,Desc for Test00181,"D028,D034,D019,D044,D052,D014,D048,D027,D003,D045"
Test00182,2023-04-02,2023-07-20,Blocked,P3,US,Desc for Test00182,"D016,D046,D004"
Test00183,2023-03-26,,No run,P2,US,Desc for Test00183,
Test00184,2023-03-31,,No run,P3,Asia,Desc for Test00184,
Test00185,2023-04-02,2023-05-02,Blocked,P2,US,Desc for Test00185,
Test00186,2023-01-18,2023-05-08,Fail,P4,US,Desc for Test00186,"D022,D013,D032,D017,D033,D042,D007"
Test00187,2023-01-18,2023-05-29,Blocked,P2,US,Desc for Test00187,
Test00188,2023-03-19,2023-08-01,Blocked,P2,US,Desc for Test00188,"D006,D019"
Test00189,2023-03-19,2023-07-31,Pass,P3,Asia,Desc for Test00189,
Test00190,2023-02-07,,No run,P4,US,Desc for Test00190,
Test00191,2023-01-17,2023-06-10,Blocked,P3,Europe,Desc for Test00191,"D053,D019,D026,D021,D049,D004,D002,D011"
Test00192,2023-03-23,2023-05-13,Blocked,P4,US,Desc for Test00192,"D012,D041,D004,D025,D048,D014"
Test00193,2023-04-04,,No run,P2,US,Desc for Test00193,
Test00194,2023-04-07,2023-08-01,Blocked,P2,US,Desc for Test00194,"D026,D002,D024,D041,D024,D003,D048,D034,D037,D053"
Test00195,2023-02-23,2023-07-04,Fail,P3,Europe,Desc for Test00195,"D048,D053"
Test00196,2023-02-14,,No run,P2,US,Desc for Test00196,
Test00197,2023-02-01,2023-03-26,Blocked,P4,Asia,Desc for Test00197,"D046,D021,D042,D043,D005,D042,D008"
Test00198,2023-02-26,2023-04-27,Blocked,P2,US,Desc for Test00198,"D022,D006,D051,D039,D010"
Test00199,2023-04-22,2023-08-01,Blocked,P3,US,Desc for Test00199,"D015,D001,D031,D048,D014,D019,D019,D044"
Test00200,2023-03-10,2023-06-25,Fail,P2,US,Desc for Test00200,"D025,D015,D046,D008,D027,D047"
Test00201,2023-03-17,,No run,P2,Europe,Desc for Test00201,
Test00202,2023-02-02,2023-06-19,Blocked,P2,Asia,Desc for Test00202,"D050,D023,D036,D027,D048,D045,D031,D023,D023,D039"
Test00203,2023-04-01,2023-04-23,Blocked,P2,Europe,Desc for Test00203,"D024,D037,D017,D015,D004"
Test00204,2023-02-12,2023-08-01,Pass,P3,Europe,Desc for Test00204,
Test00205,2023-04-11,,No run,P1,US,Desc for Test00205,
Test00206,2023-02-03,2023-02-13,Blocked,P3,US,Desc for Test00206,"D052,D003,D035,D014,D029,D021,D010,D029"
Test00207,2023-01-23,2023-02-06,Blocked,P2,Asia,Desc for Test00207,"D040,D005,D031,D051,D043,D008,D035,D012,D047"
Test00208,2023-01-28,2023-06-17,Pass,P3,Asia,Desc for Test00208,
Test00209,2023-03-20,2023-08-01,Pass,P1,US,Desc for Test00209,
Test00210,2023-04-04,2023-08-01,Pass,P2,US,Desc for Test00210,
Test00211,2023-02-17,,No run,P4,US,Desc for Test00211,
Test00212,2023-01-28,,No run,P1,Europe,Desc for Test00212,
Test00213,2023-02-04,,No run,P3,Asia,Desc for Test00213,
Test00214,2023-04-19,2023-08-01,Fail,P1,US,Desc for Test00214,D012
Test00215,2023-01-16,2023-08-01,Blocked,P1,Asia,Desc for Test00215,"D032,D047,D041"
Test00216,2023-04-04,2023-08-01,Blocked,P1,US,Desc for Test00216,
Test00217,2023-02-13,2023-06-12,Blocked,P2,US,Desc for Test00217,"D039,D010,D003,D029,D017,D012,D028"
Test00218,2023-01-21,2023-04-27,Blocked,P2,US,Desc for Test00218,"D051,D039,D002,D049,D010,D016,D001"
Test00219,2023-04-03,2023-04-08,Fail,P2,Asia,Desc for Test00219,"D019,D053,D020,D024"
Test00220,2023-04-01,2023-06-12,Blocked,P4,US,Desc for Test00220,"D014,D047,D016,D033,D009,D038,D002,D010,D003"
Test00221,2023-03-01,2023-04-19,Pass,P1,Asia,Desc for Test00221,
Test00222,2023-02-23,2023-07-26,Fail,P2,Asia,Desc for Test00222,"D033,D048,D010"
Test00223,2023-01-26,2023-07-19,Blocked,P3,US,Desc for Test00223,"D019,D001,D044,D043,D018,D026,D014"
Test00224,2023-01-20,2023-08-01,Fail,P4,US,Desc for Test00224,"D008,D036"
Test00225,2023-04-18,2023-04-27,Blocked,P3,US,Desc for Test00225,"D008,D048,D027,D019,D004,D026,D013,D048"
Test00226,2023-01-29,,No run,P1,US,Desc for Test00226,
Test00227,2023-01-23,,No run,P3,US,Desc for Test00227,
Test00228,2023-03-03,2023-05-28,Blocked,P1,US,Desc for Test00228,"D040,D025,D003,D009,D039,D017,D014,D039,D030,D010"
Test00229,2023-03-04,,No run,P1,Europe,Desc for Test00229,
Test00230,2023-01-28,,No run,P1,US,Desc for Test00230,
Test00231,2023-02-14,2023-08-01,Pass,P1,Asia,Desc for Test00231,
Test00232,2023-02-25,2023-03-19,Pass,P4,US,Desc for Test00232,
Test00233,2023-03-06,2023-03-08,Blocked,P2,US,Desc for Test00233,"D010,D003,D051,D039,D030,D004"
Test00234,2023-02-01,2023-03-10,Pass,P2,Europe,Desc for Test00234,
Test00235,2023-04-10,,No run,P3,US,Desc for Test00235,
Test00236,2023-03-19,2023-08-01,Fail,P2,Asia,Desc for Test00236,"D034,D024,D049,D012"
Test00237,2023-01-29,2023-04-12,Blocked,P3,US,Desc for Test00237,"D037,D038,D024"
Test00238,2023-02-20,2023-03-25,Blocked,P3,US,Desc for Test00238,"D021,D013,D026,D025,D026"
Test00239,2023-02-26,2023-06-25,Fail,P1,US,Desc for Test00239,"D053,D017,D005,D018,D013,D012,D050,D021"
Test00240,2023-03-25,2023-07-01,Fail,P1,US,Desc for Test00240,"D013,D041,D009,D004,D032,D015,D046,D046"
Test00241,2023-03-31,2023-07-24,Blocked,P2,Asia,Desc for Test00241,"D032,D026,D006"
Test00242,2023-04-19,2023-08-01,Blocked,P2,US,Desc for Test00242,"D015,D048,D051,D028,D042,D017,D028,D020"
Test00243,2023-03-28,2023-04-20,Blocked,P4,US,Desc for Test00243,"D030,D024,D048,D005,D004,D031,D016,D020,D036"
Test00244,2023-04-08,2023-06-23,Pass,P2,Asia,Desc for Test00244,
Test00245,2023-03-06,,No run,P3,Europe,Desc for Test00245,
Test00246,2023-02-05,2023-05-29,Blocked,P2,Asia,Desc for Test00246,"D032,D013,D052,D009,D022,D035,D001"
Test00247,2023-01-19,2023-04-16,Blocked,P3,Europe,Desc for Test00247,"D022,D019,D017,D009,D041,D052"
Test00248,2023-03-13,2023-08-01,Pass,P2,US,Desc for Test00248,
Test00249,2023-02-08,2023-08-01,Pass,P1,US,Desc for Test00249,
Test00250,2023-04-13,2023-08-01,Pass,P2,US,Desc for Test00250,
Test00251,2023-03-05,2023-04-08,Blocked,P4,US,Desc for Test00251,"D003,D023,D029,D006,D045,D031"
Test00252,2023-01-30,2023-02-15,Pass,P1,Europe,Desc for Test00252,
Test00253,2023-03-26,2023-08-01,Blocked,P2,US,Desc for Test00253,
Test00254,2023-02-06,,No run,P2,Asia,Desc for Test00254,
Test00255,2023-04-21,2023-08-01,Blocked,P4,US,Desc for Test00255,"D049,D009,D049,D032,D025,D026,D014"
Test00256,2023-02-18,2023-04-29,Blocked,P2,Asia,Desc for Test00256,"D044,D052,D038,D036,D042,D018,D009,D048,D046"
Test00257,2023-04-05,2023-04-13,Fail,P4,Asia,Desc for Test00257,"D048,D008,D016,D045"
Test00258,2023-03-10,2023-08-01,Blocked,P2,US,Desc for Test00258,"D051,D027,D016,D040"
Test00259,2023-02-07,2023-05-24,Fail,P2,Asia,Desc for Test00259,"D032,D001"
Test00260,2023-02-18,,No run,P2,US,Desc for Test00260,
Test00261,2023-02-26,2023-08-01,Pass,P2,US,Desc for Test00261,
Test00262,2023-02-04,,No run,P2,Europe,Desc for Test00262,
Test00263,2023-04-13,2023-05-20,Blocked,P1,US,Desc for Test00263,"D016,D044,D046,D020,D016,D039,D030,D009,D031"
Test00264,2023-01-18,2023-01-28,Blocked,P1,US,Desc for Test00264,"D012,D035,D017,D017,D007,D026,D003,D041,D016"
Test00265,2023-01-23,2023-03-10,Fail,P2,Europe,Desc for Test00265,
Test00266,2023-04-15,2023-08-01,Fail,P3,US,Desc for Test00266,D014
Test00267,2023-02-20,2023-06-20,Blocked,P2,Asia,Desc for Test00267,"D007,D049,D022"
Test00268,2023-03-21,,No run,P3,US,Desc for Test00268,
Test00269,2023-02-13,2023-03-05,Blocked,P2,US,Desc for Test00269,"D014,D013,D042,D030"
Test00270,2023-01-23,2023-05-07,Blocked,P2,US,Desc for Test00270,"D028,D023,D041"
Test00271,2023-02-24,2023-08-01,Blocked,P2,Europe,Desc for Test00271,"D034,D045,D006,D038,D001,D028"
Test00272,2023-01-15,2023-08-01,Blocked,P2,Asia,Desc for Test00272,"D046,D027,D045,D006,D043,D023,D027,D024"
Test00273,2023-03-04,2023-05-10,Fail,P3,US,Desc for Test00273,"D001,D006,D017,D024,D005,D038,D038,D035"
Test00274,2023-01-30,2023-02-02,Pass,P3,US,Desc for Test00274,
Test00275,2023-03-29,2023-08-01,Pass,P2,US,Desc for Test00275,
Test00276,2023-03-24,,No run,P4,US,Desc for Test00276,
Test00277,2023-02-18,2023-07-10,Blocked,P3,US,Desc for Test00277,
Test00278,2023-02-21,2023-08-01,Blocked,P4,Asia,Desc for Test00278,"D011,D012,D020,D020,D046,D031,D049"
Test00279,2023-02-05,2023-04-20,Blocked,P4,US,Desc for Test00279,"D011,D015"
Test00280,2023-03-01,2023-03-23,Fail,P2,Europe,Desc for Test00280,"D015,D011,D009,D008,D035,D022,D029,D052,D041"
Test00281,2023-01-19,2023-05-08,Fail,P2,Europe,Desc for Test00281,"D013,D026,D016,D027,D040,D020,D040,D018"
Test00282,2023-03-19,2023-06-12,Pass,P3,US,Desc for Test00282,
Test00283,2023-02-04,2023-03-13,Blocked,P1,Asia,Desc for Test00283,D031
Test00284,2023-03-29,,No run,P1,US,Desc for Test00284,
Test00285,2023-02-26,2023-04-14,Pass,P3,US,Desc for Test00285,
Test00286,2023-01-27,,No run,P2,Asia,Desc for Test00286,
Test00287,2023-03-14,2023-04-01,Blocked,P1,US,Desc for Test00287,"D041,D016,D052,D036,D004,D014,D026,D004"
Test00288,2023-02-05,2023-06-16,Blocked,P1,Europe,Desc for Test00288,"D031,D045,D019"
Test00289,2023-03-31,2023-08-01,Blocked,P4,US,Desc for Test00289,"D036,D014,D044,D051,D023,D015,D044"
Test00290,2023-04-17,2023-08-01,Fail,P2,US,Desc for Test00290,"D045,D027,D027,D029,D032,D009,D043,D042"
Test00291,2023-03-27,,No run,P3,US,Desc for Test00291,
Test00292,2023-03-30,2023-07-17,Blocked,P2,Asia,Desc for Test00292,"D004,D008,D034,D024,D037"
Test00293,2023-01-25,2023-03-31,Fail,P4,US,Desc for Test00293,"D023,D025,D017,D031,D045,D014,D019,D013"
Test00294,2023-01-14,2023-02-16,Blocked,P2,Asia,Desc for Test00294,"D038,D038"
Test00295,2023-03-09,,No run,P2,Asia,Desc for Test00295,
Test00296,2023-02-18,2023-03-15,Pass,P4,Asia,Desc for Test00296,
Test00297,2023-04-22,2023-06-20,Fail,P1,Europe,Desc for Test00297,
Test00298,2023-03-13,2023-08-01,Blocked,P3,US,Desc for Test00298,"D042,D035,D003,D053"
Test00299,2023-04-10,2023-06-08,Blocked,P4,US,Desc for Test00299,"D031,D031,D034,D013,D036,D017,D012"
Test00300,2023-04-06,2023-08-01,Blocked,P3,US,Desc for Test00300,"D010,D033,D053,D047,D022,D007,D004,D024,D037"
Test00301,2023-03-10,2023-08-01,Pass,P1,Asia,Desc for Test00301,
Test00302,2023-03-12,2023-07-28,Fail,P4,Asia,Desc for Test00302,"D021,D014,D045,D003,D023,D049,D037"
Test00303,2023-04-18,2023-08-01,Pass,P1,US,Desc for Test00303,
Test00304,2023-02-24,,No run,P3,US,Desc for Test00304,
Test00305,2023-01-30,2023-05-15,Fail,P2,US,Desc for Test00305,"D045,D012,D048,D010,D044,D043"
Test00306,2023-03-11,,No run,P2,Asia,Desc for Test00306,
Test00307,2023-03-30,2023-04-18,Pass,P3,US,Desc for Test00307,
Test00308,2023-02-08,2023-03-21,Blocked,P2,US,Desc for Test00308,"D039,D007,D003,D017,D027,D046,D041"
Test00309,2023-01-20,2023-04-29,Fail,P1,US,Desc for Test00309,D002
Test00310,2023-01-14,2023-07-30,Blocked,P1,US,Desc for Test00310,"D027,D007,D044,D034,D024,D029"
Test00311,2023-02-20,,No run,P1,Asia,Desc for Test00311,
Test00312,2023-03-23,2023-08-01,Pass,P3,US,Desc for Test00312,
Test00313,2023-03-14,2023-06-21,Blocked,P1,US,Desc for Test00313,"D040,D027,D053,D046"
Test00314,2023-04-01,2023-08-01,Pass,P1,Asia,Desc for Test00314,
Test00315,2023-03-09,2023-08-01,Blocked,P1,US,Desc for Test00315,"D032,D028,D018,D034,D024,D025,D016,D027,D014"
Test00316,2023-01-18,2023-01-24,Fail,P4,US,Desc for Test00316,"D019,D029"
Test00317,2023-04-07,2023-08-01,Blocked,P1,US,Desc for Test00317,"D005,D013,D022,D003,D039"
Test00318,2023-03-29,2023-08-01,Pass,P4,US,Desc for Test00318,
Test00319,2023-03-19,2023-08-01,Blocked,P4,Asia,Desc for Test00319,"D018,D047,D038,D035,D011"
Test00320,2023-01-24,2023-02-16,Blocked,P4,Asia,Desc for Test00320,"D024,D019,D019,D035,D025,D032,D033,D049,D002,D026"
Test00321,2023-01-20,2023-03-05,Pass,P4,US,Desc for Test00321,
Test00322,2023-01-24,2023-08-01,Blocked,P2,US,Desc for Test00322,"D011,D028,D040"
Test00323,2023-02-09,2023-05-27,Blocked,P1,US,Desc for Test00323,"D009,D049"
Test00324,2023-01-27,2023-02-12,Blocked,P2,Europe,Desc for Test00324,"D008,D006,D018,D018,D042,D021"
Test00325,2023-04-08,2023-08-01,Blocked,P1,Asia,Desc for Test00325,"D016,D016,D040,D035,D008,D009,D046,D046,D033,D037"
Test00326,2023-01-18,2023-03-28,Pass,P4,Europe,Desc for Test00326,
Test00327,2023-02-02,2023-04-15,Blocked,P3,US,Desc for Test00327,"D041,D036,D014,D008,D014"
Test00328,2023-03-09,2023-08-01,Blocked,P2,US,Desc for Test00328,"D011,D003,D030,D052,D037,D049,D026,D049"
Test00329,2023-04-20,2023-05-01,Fail,P2,Asia,Desc for Test00329,"D009,D026,D044,D018,D035,D049,D043,D005,D006,D008"
Test00330,2023-02-16,2023-06-29,Blocked,P4,Europe,Desc for Test00330,"D033,D004,D003,D014,D009,D037,D036"
Test00331,2023-01-26,2023-02-25,Blocked,P2,US,Desc for Test00331,"D011,D050,D030,D048,D051,D039,D035"
Test00332,2023-01-23,,No run,P4,US,Desc for Test00332,
Test00333,2023-03-11,2023-07-11,Pass,P1,Europe,Desc for Test00333,
Test00334,2023-04-21,2023-08-01,Pass,P1,US,Desc for Test00334,
Test00335,2023-01-31,2023-04-05,Blocked,P1,US,Desc for Test00335,"D008,D033,D026,D034"
Test00336,2023-02-10,2023-07-19,Blocked,P4,US,Desc for Test00336,"D030,D040,D005,D041,D002,D036,D050"
Test00337,2023-01-14,2023-05-03,Blocked,P4,US,Desc for Test00337,"D022,D043,D016,D022,D037,D027,D009,D023"
Test00338,2023-01-13,2023-05-17,Blocked,P4,US,Desc for Test00338,D038
Test00339,2023-01-15,,No run,P3,Europe,Desc for Test00339,
Test00340,2023-04-02,,No run,P3,US,Desc for Test00340,
Test00341,2023-04-11,2023-04-13,Blocked,P2,Europe,Desc for Test00341,
Test00342,2023-02-15,2023-06-19,Blocked,P2,US,Desc for Test00342,"D034,D036,D031,D021,D010,D038,D006,D040,D036"
Test00343,2023-03-16,2023-07-03,Blocked,P1,Europe,Desc for Test00343,
Test00344,2023-03-19,2023-03-26,Fail,P4,Asia,Desc for Test00344,D013
Test00345,2023-04-12,2023-06-05,Fail,P4,Asia,Desc for Test00345,
Test00346,2023-04-06,2023-04-12,Pass,P2,US,Desc for Test00346,
Test00347,2023-03-08,2023-08-01,Fail,P2,Asia,Desc for Test00347,"D030,D003"
Test00348,2023-02-12,2023-04-15,Blocked,P2,US,Desc for Test00348,"D019,D048,D009,D033,D046,D024"
Test00349,2023-02-20,2023-07-19,Blocked,P3,Asia,Desc for Test00349,"D020,D025,D019"
Test00350,2023-02-21,2023-05-22,Pass,P3,US,Desc for Test00350,
Test00351,2023-03-14,,No run,P2,US,Desc for Test00351,
Test00352,2023-02-15,2023-04-20,Blocked,P2,US,Desc for Test00352,"D051,D052,D050,D029,D044,D049,D022,D031,D048"
Test00353,2023-04-10,2023-08-01,Blocked,P1,US,Desc for Test00353,D023
Test00354,2023-04-08,2023-07-03,Blocked,P3,US,Desc for Test00354,"D037,D026,D044,D005,D010"
Test00355,2023-03-01,2023-07-30,Pass,P2,Europe,Desc for Test00355,
Test00356,2023-04-23,2023-04-27,Blocked,P1,US,Desc for Test00356,"D011,D027,D042,D018,D018,D053,D003,D001,D029"
Test00357,2023-02-16,2023-08-01,Pass,P1,US,Desc for Test00357,
Test00358,2023-03-02,2023-06-03,Pass,P4,US,Desc for Test00358,
Test00359,2023-02-05,2023-06-11,Fail,P1,US,Desc for Test00359,"D021,D020,D002,D033,D022,D032,D001,D032"
Test00360,2023-04-17,,No run,P2,US,Desc for Test00360,
Test00361,2023-02-08,,No run,P2,US,Desc for Test00361,
Test00362,2023-02-23,2023-06-07,Fail,P4,US,Desc for Test00362,"D006,D049"
Test00363,2023-02-26,2023-07-18,Pass,P4,Europe,Desc for Test00363,
Test00364,2023-03-23,2023-08-01,Blocked,P2,US,Desc for Test00364,"D028,D033,D025,D036,D022,D049,D017,D022,D018"
Test00365,2023-04-09,2023-08-01,Blocked,P3,Asia,Desc for Test00365,"D036,D049,D012,D003,D036,D018"
Test00366,2023-02-03,2023-04-23,Pass,P4,Europe,Desc for Test00366,
Test00367,2023-04-10,2023-08-01,Fail,P2,Asia,Desc for Test00367,"D051,D036,D016,D016"
Test00368,2023-02-18,,No run,P4,US,Desc for Test00368,
Test00369,2023-03-20,2023-08-01,Fail,P4,US,Desc for Test00369,"D043,D025,D023"
Test00370,2023-04-20,2023-06-19,Blocked,P2,Asia,Desc for Test00370,
Test00371,2023-04-07,2023-04-26,Pass,P2,US,Desc for Test00371,
Test00372,2023-01-30,2023-07-21,Fail,P4,US,Desc for Test00372,"D028,D020,D038,D029,D053,D032"
Test00373,2023-01-14,2023-08-01,Fail,P2,Europe,Desc for Test00373,"D024,D003,D028,D037,D012,D031,D001,D010,D040"
Test00374,2023-03-29,2023-04-27,Fail,P4,US,Desc for Test00374,"D036,D049,D028,D011,D037,D006,D024,D029,D027"
Test00375,2023-04-08,2023-06-27,Pass,P3,Asia,Desc for Test00375,
Test00376,2023-01-30,2023-08-01,Pass,P1,US,Desc for Test00376,
Test00377,2023-01-21,,No run,P2,US,Desc for Test00377,
Test00378,2023-04-10,2023-08-01,Blocked,P2,US,Desc for Test00378,
Test00379,2023-04-08,2023-08-01,Blocked,P2,Europe,Desc for Test00379,"D018,D047,D021,D009,D008,D003,D009"
Test00380,2023-02-26,2023-05-04,Fail,P1,US,Desc for Test00380,"D014,D049,D006,D036,D019,D019,D024,D041"
Test00381,2023-03-29,2023-04-07,Fail,P1,US,Desc for Test00381,
Test00382,2023-02-12,2023-08-01,Blocked,P2,Asia,Desc for Test00382,"D053,D013,D020,D015,D038,D051"
Test00383,2023-04-14,2023-08-01,Pass,P2,Asia,Desc for Test00383,
Test00384,2023-01-14,2023-03-10,Fail,P4,US,Desc for Test00384,D002
Test00385,2023-02-14,2023-03-16,Fail,P2,US,Desc for Test00385,"D025,D046,D027,D034,D020,D003,D020,D010,D052,D043"
Test00386,2023-01-20,2023-05-18,Blocked,P2,US,Desc for Test00386,"D046,D048,D029,D017,D017,D028,D021"
Test00387,2023-04-08,2023-04-18,Blocked,P3,Europe,Desc for Test00387,"D036,D009,D052,D045"
Test00388,2023-04-16,,No run,P3,Europe,Desc for Test00388,
Test00389,2023-04-22,2023-08-01,Pass,P4,US,Desc for Test00389,
Test00390,2023-01-30,2023-04-17,Blocked,P3,Europe,Desc for Test00390,"D030,D051,D031,D013,D019,D040,D004,D031"
Test00391,2023-04-05,2023-08-01,Fail,P3,Europe,Desc for Test00391,"D028,D047,D014"
Test00392,2023-03-21,2023-06-22,Blocked,P4,US,Desc for Test00392,"D053,D017,D003,D037,D041,D041,D032,D004,D006,D020"
Test00393,2023-01-29,,No run,P2,US,Desc for Test00393,
Test00394,2023-03-06,,No run,P1,Asia,Desc for Test00394,
Test00395,2023-03-05,,No run,P4,US,Desc for Test00395,
Test00396,2023-03-11,,No run,P3,US,Desc for Test00396,
Test00397,2023-04-01,2023-06-02,Pass,P2,Europe,Desc for Test00397,
Test00398,2023-01-19,2023-08-01,Blocked,P2,US,Desc for Test00398,"D039,D051"
Test00399,2023-03-08,2023-08-01,Blocked,P4,Asia,Desc for Test00399,
Test00400,2023-02-28,2023-08-01,Blocked,P4,US,Desc for Test00400,"D033,D036,D030"
Test00401,2023-03-08,,No run,P4,US,Desc for Test00401,
Test00402,2023-02-06,2023-07-04,Pass,P1,US,Desc for Test00402,
Test00403,2023-01-28,2023-05-08,Blocked,P1,Europe,Desc for Test00403,
Test00404,2023-01-22,,No run,P1,Europe,Desc for Test00404,
Test00405,2023-03-28,,No run,P2,US,Desc for Test00405,
Test00406,2023-04-23,2023-05-03,Fail,P4,US,Desc for Test00406,D030
Test00407,2023-03-06,2023-07-18,Blocked,P2,Asia,Desc for Test00407,
Test00408,2023-02-10,2023-04-20,Fail,P4,Asia,Desc for Test00408,"D009,D027,D001,D030,D030,D044,D020"
Test00409,2023-03-12,2023-06-24,Fail,P3,Europe,Desc for Test00409,"D042,D038,D019,D015,D004,D026,D009,D037,D002,D005"
Test00410,2023-01-14,2023-03-12,Blocked,P3,Asia,Desc for Test00410,D020
Test00411,2023-02-01,2023-07-08,Pass,P4,Asia,Desc for Test00411,
Test00412,2023-02-23,2023-07-18,Fail,P2,Europe,Desc for Test00412,"D039,D050,D002,D014,D052,D031,D013"
Test00413,2023-03-16,2023-08-01,Blocked,P2,Europe,Desc for Test00413,"D016,D023"
Test00414,2023-03-08,2023-08-01,Pass,P1,US,Desc for Test00414,
Test00415,2023-04-13,2023-07-07,Blocked,P2,US,Desc for Test00415,"D013,D005,D033,D039,D021,D041,D006,D013,D014"
Test00416,2023-02-01,,No run,P1,Europe,Desc for Test00416,
Test00417,2023-02-16,2023-04-03,Pass,P1,Asia,Desc for Test00417,
Test00418,2023-03-14,2023-08-01,Fail,P1,US,Desc for Test00418,"D009,D038,D008,D048,D038,D049"
Test00419,2023-03-24,2023-08-01,Blocked,P1,Europe,Desc for Test00419,"D004,D029,D049,D036,D032,D019,D016,D007,D034,D046"
Test00420,2023-02-17,2023-08-01,Blocked,P2,US,Desc for Test00420,"D053,D023,D038,D045,D038,D033"
Test00421,2023-04-09,,No run,P2,US,Desc for Test00421,
Test00422,2023-02-18,2023-04-07,Pass,P3,US,Desc for Test00422,
Test00423,2023-01-24,2023-07-12,Fail,P3,Asia,Desc for Test00423,
Test00424,2023-03-09,2023-03-16,Fail,P2,Europe,Desc for Test00424,"D014,D044,D011,D014,D017,D007,D043,D050"
Test00425,2023-04-14,2023-08-01,Blocked,P2,Asia,Desc for Test00425,"D039,D004,D012,D011,D008"
Test00426,2023-02-25,2023-05-20,Fail,P1,Europe,Desc for Test00426,"D044,D052,D004,D031,D050,D036,D047,D041"
Test00427,2023-03-21,2023-05-01,Pass,P4,US,Desc for Test00427,
Test00428,2023-03-30,,No run,P2,Asia,Desc for Test00428,
Test00429,2023-01-25,2023-03-10,Blocked,P3,US,Desc for Test00429,"D014,D003,D041,D006,D029,D001"
Test00430,2023-04-01,2023-08-01,Fail,P3,Europe,Desc for Test00430,"D032,D002,D045"
Test00431,2023-02-01,2023-08-01,Fail,P1,US,Desc for Test00431,"D012,D025,D052,D001,D049,D016"
Test00432,2023-02-08,,No run,P1,US,Desc for Test00432,
Test00433,2023-03-29,2023-08-01,Blocked,P1,US,Desc for Test00433,"D030,D050,D006,D027,D008,D033"
Test00434,2023-03-01,2023-08-01,Blocked,P2,US,Desc for Test00434,"D045,D017,D025,D026,D024,D039,D030"
Test00435,2023-01-20,2023-03-11,Pass,P2,US,Desc for Test00435,
Test00436,2023-02-21,2023-08-01,Fail,P2,US,Desc for Test00436,"D025,D053,D038,D035,D021"
Test00437,2023-04-19,2023-08-01,Fail,P3,US,Desc for Test00437,"D020,D034,D008,D033,D012,D048,D014,D025"
Test00438,2023-03-08,2023-08-01,Blocked,P3,Europe,Desc for Test00438,"D019,D050,D015,D040,D026,D006,D022,D029,D020"
Test00439,2023-02-09,2023-08-01,Blocked,P1,Europe,Desc for Test00439,"D031,D021,D011,D026,D013"
Test00440,2023-02-10,,No run,P2,US,Desc for Test00440,
Test00441,2023-02-04,2023-07-17,Blocked,P2,Asia,Desc for Test00441,"D035,D011,D026"
Test00442,2023-01-28,2023-08-01,Blocked,P2,Europe,Desc for Test00442,"D029,D004,D031,D039,D004"
Test00443,2023-03-31,,No run,P3,Asia,Desc for Test00443,
Test00444,2023-03-04,2023-06-07,Pass,P2,US,Desc for Test00444,
Test00445,2023-04-08,2023-08-01,Blocked,P3,Asia,Desc for Test00445,"D026,D051"
Test00446,2023-04-02,2023-06-08,Blocked,P4,US,Desc for Test00446,"D029,D005,D033,D006"
Test00447,2023-02-24,2023-06-12,Fail,P1,US,Desc for Test00447,"D020,D006,D021,D040"
Test00448,2023-03-23,2023-06-13,Blocked,P2,US,Desc for Test00448,"D030,D053,D037,D028"
Test00449,2023-04-19,2023-08-01,Blocked,P2,US,Desc for Test00449,D027
Test00450,2023-02-06,2023-05-25,Pass,P4,Europe,Desc for Test00450,
Test00451,2023-04-21,,No run,P2,US,Desc for Test00451,
Test00452,2023-02-13,,No run,P2,Europe,Desc for Test00452,
Test00453,2023-01-31,2023-02-04,Blocked,P4,US,Desc for Test00453,D024
Test00454,2023-04-22,2023-07-24,Blocked,P2,Europe,Desc for Test00454,"D004,D005,D008,D042,D033,D030,D015,D010,D042,D032"
Test00455,2023-04-02,2023-04-11,Fail,P1,US,Desc for Test00455,"D007,D047,D039,D021,D034,D026,D036,D022,D046"
Test00456,2023-04-15,,No run,P4,US,Desc for Test00456,
Test00457,2023-04-18,2023-08-01,Pass,P1,US,Desc for Test00457,
Test00458,2023-03-29,2023-08-01,Fail,P1,Asia,Desc for Test00458,
Test00459,2023-01-13,2023-06-07,Blocked,P2,US,Desc for Test00459,"D039,D010,D014,D030,D018,D008,D008,D030,D007"
Test00460,2023-03-21,2023-08-01,Blocked,P4,Europe,Desc for Test00460,D052
Test00461,2023-04-08,2023-05-27,Pass,P3,US,Desc for Test00461,
Test00462,2023-01-31,2023-04-15,Blocked,P1,Asia,Desc for Test00462,"D025,D029,D011,D044,D007"
Test00463,2023-04-11,2023-08-01,Pass,P2,US,Desc for Test00463,
Test00464,2023-03-08,2023-07-12,Blocked,P2,Europe,Desc for Test00464,"D007,D013,D042,D019,D013,D025,D017,D049"
Test00465,2023-02-11,2023-07-23,Blocked,P2,Europe,Desc for Test00465,"D003,D019,D035,D032"
Test00466,2023-01-26,2023-03-04,Blocked,P2,Europe,Desc for Test00466,D037
Test00467,2023-03-27,2023-05-14,Blocked,P4,US,Desc for Test00467,"D042,D005,D036,D020,D039,D007,D028,D033"
Test00468,2023-04-13,2023-08-01,Fail,P2,Europe,Desc for Test00468,"D036,D037,D007,D043,D036,D026,D028,D025"
Test00469,2023-04-09,2023-06-10,Fail,P2,US,Desc for Test00469,"D040,D033,D029,D023,D002,D024,D027,D016"
Test00470,2023-03-21,2023-04-18,Pass,P2,US,Desc for Test00470,
Test00471,2023-02-17,2023-04-02,Pass,P4,US,Desc for Test00471,
Test00472,2023-03-12,2023-05-09,Blocked,P3,Asia,Desc for Test00472,"D018,D015"
Test00473,2023-02-08,2023-06-09,Blocked,P2,Asia,Desc for Test00473,"D042,D040,D036,D046"
Test00474,2023-01-23,2023-06-17,Blocked,P3,US,Desc for Test00474,"D032,D007,D019,D021"
Test00475,2023-03-09,2023-04-15,Blocked,P3,US,Desc for Test00475,"D048,D005,D012,D040"
Test00476,2023-02-17,2023-03-13,Blocked,P1,Europe,Desc for Test00476,"D002,D042,D036,D034,D021,D003"
Test00477,2023-02-18,2023-05-17,Blocked,P2,US,Desc for Test00477,"D015,D045,D031,D001,D020,D022,D033,D053,D044,D042"
Test00478,2023-02-19,2023-07-11,Fail,P2,US,Desc for Test00478,"D002,D013"
Test00479,2023-04-10,2023-05-22,Pass,P1,Asia,Desc for Test00479,
Test00480,2023-03-18,2023-08-01,Blocked,P1,US,Desc for Test00480,"D049,D004,D022,D016,D001,D001"
Test00481,2023-01-30,2023-03-25,Pass,P2,Asia,Desc for Test00481,
Test00482,2023-04-02,2023-05-04,Blocked,P2,US,Desc for Test00482,"D004,D045,D034,D006,D039,D002"
Test00483,2023-02-09,2023-05-14,Pass,P4,US,Desc for Test00483,
Test00484,2023-03-01,2023-06-07,Pass,P3,US,Desc for Test00484,
Test00485,2023-03-16,2023-08-01,Fail,P3,US,Desc for Test00485,
Test00486,2023-03-03,,No run,P1,US,Desc for Test00486,
Test00487,2023-01-13,2023-04-05,Blocked,P2,US,Desc for Test00487,"D009,D050,D035,D013,D053,D024"
Test00488,2023-03-24,2023-04-27,Blocked,P1,Europe,Desc for Test00488,
Test00489,2023-02-11,,No run,P4,US,Desc for Test00489,
Test00490,2023-04-18,2023-06-12,Blocked,P2,Europe,Desc for Test00490,D025
Test00491,2023-01-29,,No run,P1,Europe,Desc for Test00491,
Test00492,2023-04-09,2023-08-01,Pass,P2,US,Desc for Test00492,
Test00493,2023-03-11,2023-07-31,Fail,P1,US,Desc for Test00493,"D017,D034,D052,D001,D007,D046,D031"
Test00494,2023-03-25,,No run,P1,Europe,Desc for Test00494,
Test00495,2023-02-26,2023-05-08,Blocked,P2,US,Desc for Test00495,"D019,D025"
Test00496,2023-01-14,2023-07-23,Fail,P1,US,Desc for Test00496,"D021,D004,D051,D040,D046"
Test00497,2023-03-14,,No run,P2,US,Desc for Test00497,
Test00498,2023-02-05,2023-06-16,Blocked,P1,US,Desc for Test00498,"D013,D053,D039,D031,D025"
Test00499,2023-01-25,2023-08-01,Blocked,P2,US,Desc for Test00499,D024
Test00500,2023-01-22,2023-06-20,Fail,P2,Asia,Desc for Test00500,"D029,D032,D039,D033,D018,D001,D024"
Test00501,2023-01-24,,No run,P1,US,Desc for Test00501,
Test00502,2023-02-10,2023-06-06,Blocked,P2,Asia,Desc for Test00502,"D029,D052,D033,D013,D031,D012,D042,D029,D005"
Test00503,2023-03-28,2023-08-01,Pass,P2,US,Desc for Test00503,
Test00504,2023-04-04,2023-07-02,Pass,P3,Asia,Desc for Test00504,
Test00505,2023-03-27,2023-04-06,Pass,P2,US,Desc for Test00505,
Test00506,2023-02-09,2023-06-12,Fail,P2,US,Desc for Test00506,"D017,D035,D002,D001,D035"
Test00507,2023-04-03,2023-08-01,Pass,P4,US,Desc for Test00507,
Test00508,2023-01-19,2023-05-08,Blocked,P4,US,Desc for Test00508,
Test00509,2023-04-02,2023-08-01,Blocked,P3,Europe,Desc for Test00509,"D006,D008,D030,D053,D012,D005,D042"
Test00510,2023-02-21,2023-03-26,Blocked,P2,Asia,Desc for Test00510,D009
Test00511,2023-04-12,2023-08-01,Blocked,P1,Europe,Desc for Test00511,"D030,D048,D025,D017,D035,D005"
Test00512,2023-03-18,2023-08-01,Pass,P1,US,Desc for Test00512,
Test00513,2023-01-22,2023-03-01,Fail,P2,US,Desc for Test00513,"D017,D015,D039,D036"
Test00514,2023-03-21,2023-06-07,Fail,P2,US,Desc for Test00514,"D039,D014"
Test00515,2023-01-25,2023-01-28,Blocked,P1,US,Desc for Test00515,"D046,D024,D011,D011,D053,D046,D038,D018,D019"
Test00516,2023-03-30,2023-08-01,Fail,P1,Asia,Desc for Test00516,"D005,D046,D038"
Test00517,2023-02-27,,No run,P1,US,Desc for Test00517,
Test00518,2023-03-13,2023-07-01,Pass,P1,Asia,Desc for Test00518,
Test00519,2023-03-05,2023-05-12,Pass,P1,Europe,Desc for Test00519,
Test00520,2023-04-05,,No run,P2,US,Desc for Test00520,
Test00521,2023-01-29,2023-05-13,Blocked,P4,US,Desc for Test00521,"D018,D020,D006,D053,D053,D012,D046,D012,D042"
Test00522,2023-01-30,,No run,P2,Europe,Desc for Test00522,
Test00523,2023-02-18,2023-06-25,Blocked,P4,US,Desc for Test00523,"D008,D007,D032,D012,D037,D053,D041,D028"
Test00524,2023-01-14,,No run,P3,US,Desc for Test00524,
Test00525,2023-04-02,2023-08-01,Blocked,P2,US,Desc for Test00525,"D051,D023,D012,D033"
Test00526,2023-03-07,,No run,P2,Asia,Desc for Test00526,
Test00527,2023-01-26,2023-03-07,Blocked,P1,Europe,Desc for Test00527,"D053,D027,D053,D009,D001,D040,D013"
Test00528,2023-02-02,2023-02-14,Blocked,P2,US,Desc for Test00528,"D019,D022"
Test00529,2023-03-21,,No run,P4,Asia,Desc for Test00529,
Test00530,2023-04-09,2023-08-01,Blocked,P4,US,Desc for Test00530,D009
Test00531,2023-03-11,2023-06-10,Blocked,P1,US,Desc for Test00531,"D012,D050,D001,D004,D031,D002,D028,D053,D051"
Test00532,2023-01-20,2023-06-16,Pass,P1,Asia,Desc for Test00532,
Test00533,2023-03-11,,No run,P4,US,Desc for Test00533,
Test00534,2023-01-16,,No run,P1,US,Desc for Test00534,
Test00535,2023-02-06,2023-03-10,Fail,P2,US,Desc for Test00535,"D011,D002,D049,D043,D046,D036,D026,D015,D018"
Test00536,2023-04-16,,No run,P2,Europe,Desc for Test00536,
Test00537,2023-04-07,2023-08-01,Fail,P2,Europe,Desc for Test00537,"D053,D049,D026,D035,D012,D022,D037,D022,D037"
Test00538,2023-04-19,2023-06-27,Blocked,P4,US,Desc for Test00538,"D020,D006,D010,D017,D033,D002,D034,D040,D001"
Test00539,2023-03-15,2023-07-14,Blocked,P2,US,Desc for Test00539,"D040,D039,D027"
Test00540,2023-04-01,2023-04-19,Blocked,P3,US,Desc for Test00540,"D024,D011,D051,D013,D017,D048,D004"
Test00541,2023-02-26,2023-06-09,Blocked,P4,Europe,Desc for Test00541,"D006,D026,D018,D045"
Test00542,2023-04-16,2023-08-01,Fail,P3,Asia,Desc for Test00542,"D040,D017,D009,D008,D015,D052,D010,D019,D019,D039"
Test00543,2023-04-03,2023-06-05,Blocked,P2,Asia,Desc for Test00543,"D039,D019,D032,D008"
Test00544,2023-02-09,2023-07-02,Fail,P1,US,Desc for Test00544,"D050,D017,D036,D015,D039,D033,D025,D022,D017"
Test00545,2023-01-17,2023-01-24,Fail,P4,Asia,Desc for Test00545,
Test00546,2023-02-18,,No run,P2,US,Desc for Test00546,
Test00547,2023-04-14,2023-06-01,Blocked,P2,US,Desc for Test00547,"D048,D053,D030,D025"
Test00548,2023-02-19,2023-04-16,Fail,P1,Asia,Desc for Test00548,
Test00549,2023-02-13,,No run,P1,US,Desc for Test00549,
Test00550,2023-01-30,,No run,P1,Europe,Desc for Test00550,
Test00551,2023-02-19,2023-03-25,Blocked,P2,Europe,Desc for Test00551,"D022,D037,D027,D016,D042,D017,D016"
Test00552,2023-02-08,2023-08-01,Blocked,P3,US,Desc for Test00552,"D041,D026,D002,D017,D004,D021,D037,D026"
Test00553,2023-03-10,,No run,P1,Asia,Desc for Test00553,
Test00554,2023-03-15,2023-03-20,Pass,P1,US,Desc for Test00554,
Test00555,2023-02-16,2023-08-01,Blocked,P1,US,Desc for Test00555,"D009,D032,D017,D005,D033,D033,D029,D004,D020,D053"
Test00556,2023-01-23,2023-07-22,Blocked,P2,US,Desc for Test00556,D053
Test00557,2023-01-30,2023-04-13,Fail,P2,Europe,Desc for Test00557,"D043,D006,D053,D028,D049,D053,D050,D016,D041"
Test00558,2023-03-14,2023-04-17,Fail,P4,Europe,Desc for Test00558,"D010,D021,D014,D044,D018"
Test00559,2023-04-10,2023-08-01,Blocked,P2,US,Desc for Test00559,"D053,D022,D008,D013"
Test00560,2023-04-12,2023-08-01,Fail,P2,US,Desc for Test00560,"D025,D023,D015,D009,D037,D045,D011,D002,D014"
Test00561,2023-03-16,2023-08-01,Blocked,P4,US,Desc for Test00561,"D036,D031,D028,D017,D048"
Test00562,2023-02-02,2023-07-04,Fail,P4,Europe,Desc for Test00562,"D045,D028,D016,D034,D042"
Test00563,2023-02-20,2023-08-01,Blocked,P2,US,Desc for Test00563,"D043,D016,D023,D008,D040,D033"
Test00564,2023-01-24,2023-05-29,Fail,P4,US,Desc for Test00564,"D031,D025,D046,D045,D021,D038,D001,D020,D010"
Test00565,2023-02-04,2023-08-01,Blocked,P4,US,Desc for Test00565,"D046,D028,D028,D013,D008,D012,D003,D014"
Test00566,2023-04-13,2023-07-20,Blocked,P1,US,Desc for Test00566,"D001,D001,D012,D008,D034"
Test00567,2023-03-13,2023-06-23,Pass,P2,US,Desc for Test00567,
Test00568,2023-01-24,,No run,P3,Europe,Desc for Test00568,
Test00569,2023-03-09,2023-08-01,Blocked,P1,US,Desc for Test00569,"D001,D046"
Test00570,2023-03-29,2023-08-01,Blocked,P4,US,Desc for Test00570,"D012,D006,D042"
Test00571,2023-01-23,2023-08-01,Blocked,P4,US,Desc for Test00571,"D021,D015,D034,D037,D015,D031,D018"
Test00572,2023-04-07,2023-08-01,Blocked,P4,Europe,Desc for Test00572,"D007,D045,D009,D043,D048,D050,D039,D011,D042,D002"
Test00573,2023-03-30,2023-08-01,Blocked,P1,Asia,Desc for Test00573,"D008,D044,D029,D013,D048,D037,D029,D026,D013"
Test00574,2023-04-19,,No run,P2,US,Desc for Test00574,
Test00575,2023-02-07,2023-06-14,Blocked,P4,Asia,Desc for Test00575,D007
Test00576,2023-02-23,2023-05-09,Fail,P4,US,Desc for Test00576,"D035,D018,D001,D007,D017,D024,D034,D044,D053,D043"
Test00577,2023-04-07,2023-06-15,Blocked,P2,Asia,Desc for Test00577,"D049,D032,D052,D044,D040,D003"
Test00578,2023-03-26,,No run,P2,Europe,Desc for Test00578,
Test00579,2023-01-18,,No run,P4,US,Desc for Test00579,
Test00580,2023-03-17,2023-08-01,Blocked,P4,US,Desc for Test00580,"D016,D024,D002"
Test00581,2023-01-17,2023-08-01,Blocked,P3,US,Desc for Test00581,"D016,D033,D053,D001,D038,D009,D032,D010,D012"
Test00582,2023-01-20,2023-02-23,Fail,P4,US,Desc for Test00582,"D033,D003,D004,D012,D033,D005,D008,D052"
Test00583,2023-02-26,2023-08-01,Pass,P2,US,Desc for Test00583,
Test00584,2023-04-04,2023-07-16,Pass,P4,US,Desc for Test00584,
Test00585,2023-04-07,2023-08-01,Fail,P2,US,Desc for Test00585,
Test00586,2023-04-05,2023-04-12,Pass,P1,US,Desc for Test00586,
Test00587,2023-04-04,2023-07-05,Pass,P1,Europe,Desc for Test00587,
Test00588,2023-02-17,,No run,P4,US,Desc for Test00588,
Test00589,2023-03-05,2023-08-01,Pass,P4,Asia,Desc for Test00589,
Test00590,2023-02-15,2023-06-04,Pass,P2,US,Desc for Test00590,
Test00591,2023-01-19,2023-06-29,Fail,P1,US,Desc for Test00591,"D014,D005,D023,D005,D006"
Test00592,2023-03-14,2023-08-01,Pass,P3,US,Desc for Test00592,
Test00593,2023-02-24,,No run,P1,Europe,Desc for Test00593,
Test00594,2023-03-19,2023-04-17,Pass,P3,US,Desc for Test00594,
Test00595,2023-03-15,2023-07-10,Fail,P2,Europe,Desc for Test00595,"D053,D006,D051,D038,D010,D040,D045,D002,D019"
Test00596,2023-03-17,2023-08-01,Blocked,P2,US,Desc for Test00596,"D011,D022"
Test00597,2023-01-28,2023-08-01,Blocked,P4,Asia,Desc for Test00597,"D041,D043,D053,D030,D026,D011,D043,D008,D050,D047"
Test00598,2023-01-25,2023-03-12,Pass,P2,US,Desc for Test00598,
Test00599,2023-03-08,2023-05-12,Pass,P2,US,Desc for Test00599,
Test00600,2023-02-12,2023-07-19,Fail,P2,Europe,Desc for Test00600,"D047,D037,D051,D044,D023,D038,D046,D025,D006"
Test00601,2023-04-16,2023-08-01,Blocked,P4,US,Desc for Test00601,"D053,D017"
Test00602,2023-01-21,,No run,P2,Europe,Desc for Test00602,
Test00603,2023-02-27,2023-03-31,Blocked,P2,Asia,Desc for Test00603,
Test00604,2023-02-11,,No run,P2,US,Desc for Test00604,
Test00605,2023-03-07,,No run,P1,US,Desc for Test00605,
Test00606,2023-02-28,,No run,P2,US,Desc for Test00606,
Test00607,2023-04-10,2023-07-02,Fail,P4,Asia,Desc for Test00607,"D007,D052,D037,D018,D048,D024,D010,D031,D045,D004"
Test00608,2023-01-20,2023-08-01,Blocked,P2,US,Desc for Test00608,"D014,D048,D029"
Test00609,2023-02-28,2023-04-23,Pass,P2,US,Desc for Test00609,
Test00610,2023-02-06,2023-04-27,Blocked,P4,Asia,Desc for Test00610,"D031,D050,D005,D049,D010"
Test00611,2023-01-18,2023-01-23,Blocked,P3,US,Desc for Test00611,"D043,D049,D039"
Test00612,2023-03-01,2023-04-14,Pass,P2,US,Desc for Test00612,
Test00613,2023-01-25,2023-08-01,Blocked,P2,US,Desc for Test00613,D042
Test00614,2023-03-05,2023-06-01,Blocked,P2,Europe,Desc for Test00614,
Test00615,2023-02-27,2023-08-01,Pass,P3,US,Desc for Test00615,
Test00616,2023-04-06,2023-05-04,Blocked,P2,US,Desc for Test00616,"D040,D014,D046,D049,D001,D046"
Test00617,2023-04-09,2023-04-27,Fail,P2,Asia,Desc for Test00617,"D026,D037"
Test00618,2023-03-24,2023-04-03,Blocked,P4,Asia,Desc for Test00618,"D025,D031,D019,D015,D015,D019"
Test00619,2023-04-07,,No run,P2,Europe,Desc for Test00619,
Test00620,2023-04-19,2023-08-01,Blocked,P3,Asia,Desc for Test00620,"D008,D050,D007,D042,D001"
Test00621,2023-01-28,2023-02-20,Blocked,P4,US,Desc for Test00621,"D015,D052,D046,D027"
Test00622,2023-01-22,2023-07-31,Blocked,P3,US,Desc for Test00622,"D014,D023,D026,D011,D016,D039,D013,D036,D040,D024"
Test00623,2023-02-16,2023-08-01,Blocked,P4,US,Desc for Test00623,D001
Test00624,2023-04-18,2023-07-30,Fail,P4,Asia,Desc for Test00624,"D013,D012,D009,D022,D046,D048,D033"
Test00625,2023-02-10,2023-03-23,Blocked,P4,US,Desc for Test00625,"D002,D020,D011"
Test00626,2023-02-19,2023-02-28,Blocked,P4,US,Desc for Test00626,"D014,D011,D018,D012,D010,D010"
Test00627,2023-02-26,2023-08-01,Pass,P2,Europe,Desc for Test00627,
Test00628,2023-03-28,2023-05-23,Blocked,P1,Europe,Desc for Test00628,"D025,D045,D052"
Test00629,2023-02-19,2023-03-27,Fail,P4,US,Desc for Test00629,
Test00630,2023-04-02,2023-08-01,Fail,P4,US,Desc for Test00630,
Test00631,2023-02-03,,No run,P2,US,Desc for Test00631,
Test00632,2023-03-01,2023-08-01,Fail,P2,US,Desc for Test00632,"D026,D011"
Test00633,2023-01-20,2023-06-17,Pass,P2,Asia,Desc for Test00633,
Test00634,2023-01-24,2023-04-20,Fail,P3,US,Desc for Test00634,"D016,D005,D012,D034,D019"
Test00635,2023-02-19,,No run,P2,Asia,Desc for Test00635,
Test00636,2023-03-04,2023-06-08,Blocked,P1,Europe,Desc for Test00636,
Test00637,2023-03-14,2023-08-01,Blocked,P2,US,Desc for Test00637,"D008,D043,D031,D042"
Test00638,2023-02-13,2023-06-15,Pass,P4,US,Desc for Test00638,
Test00639,2023-03-14,2023-08-01,Fail,P3,Europe,Desc for Test00639,"D039,D006,D014,D042,D025,D029"
Test00640,2023-01-14,2023-05-13,Fail,P2,Asia,Desc for Test00640,"D015,D045,D010,D007,D034"
Test00641,2023-04-17,2023-07-30,Blocked,P2,US,Desc for Test00641,"D027,D014,D008,D030,D005,D049,D038"
Test00642,2023-03-31,,No run,P2,US,Desc for Test00642,
Test00643,2023-03-08,2023-08-01,Pass,P2,US,Desc for Test00643,
Test00644,2023-03-28,,No run,P2,US,Desc for Test00644,
Test00645,2023-01-30,2023-02-21,Blocked,P2,US,Desc for Test00645,
Test00646,2023-04-22,2023-08-01,Fail,P4,US,Desc for Test00646,"D042,D028,D012"
Test00647,2023-01-13,2023-04-08,Blocked,P3,US,Desc for Test00647,D034
Test00648,2023-02-02,2023-08-01,Blocked,P3,Asia,Desc for Test00648,"D019,D048,D008,D010,D049,D024,D009,D001"
Test00649,2023-02-23,2023-04-07,Pass,P2,US,Desc for Test00649,
Test00650,2023-04-10,2023-07-30,Blocked,P1,US,Desc for Test00650,
Test00651,2023-01-26,2023-03-20,Blocked,P4,US,Desc for Test00651,D042
Test00652,2023-02-24,2023-08-01,Pass,P2,US,Desc for Test00652,
Test00653,2023-02-10,2023-04-01,Fail,P3,Asia,Desc for Test00653,"D008,D038,D002,D031,D005"
Test00654,2023-02-19,2023-02-25,Blocked,P2,US,Desc for Test00654,"D001,D018,D003,D050,D031,D050,D051,D022"
Test00655,2023-02-01,2023-06-21,Fail,P2,Europe,Desc for Test00655,"D013,D011,D018,D023,D041,D019,D041,D030,D045,D022"
Test00656,2023-04-01,2023-05-22,Blocked,P3,US,Desc for Test00656,"D008,D002,D041,D014,D053,D001,D045"
Test00657,2023-02-27,,No run,P2,Asia,Desc for Test00657,
Test00658,2023-03-09,2023-03-16,Blocked,P2,US,Desc for Test00658,"D014,D041,D033,D028,D010,D044,D030,D020,D009"
Test00659,2023-04-13,2023-05-10,Blocked,P1,US,Desc for Test00659,D016
Test00660,2023-01-25,2023-08-01,Blocked,P3,Asia,Desc for Test00660,"D039,D025,D022,D050,D036,D006,D027,D025,D029"
Test00661,2023-04-09,2023-08-01,Pass,P2,US,Desc for Test00661,
Test00662,2023-04-11,2023-06-22,Blocked,P4,US,Desc for Test00662,"D012,D002,D011,D026,D016,D019,D047,D041,D029"
Test00663,2023-03-30,,No run,P2,Asia,Desc for Test00663,
Test00664,2023-04-22,2023-08-01,Pass,P2,US,Desc for Test00664,
Test00665,2023-03-03,,No run,P4,US,Desc for Test00665,
Test00666,2023-03-02,2023-07-05,Blocked,P4,Asia,Desc for Test00666,"D031,D011,D023,D008,D018,D049,D048,D001,D033,D026"
Test00667,2023-02-16,2023-06-29,Pass,P3,Asia,Desc for Test00667,
Test00668,2023-02-15,2023-08-01,Blocked,P2,Europe,Desc for Test00668,"D047,D017"
Test00669,2023-02-07,,No run,P4,Europe,Desc for Test00669,
Test00670,2023-04-04,2023-07-30,Blocked,P4,US,Desc for Test00670,"D042,D023,D041,D016"
Test00671,2023-03-12,2023-07-24,Blocked,P2,US,Desc for Test00671,"D009,D020,D023,D034,D050,D051,D043,D027,D007"
Test00672,2023-04-20,2023-08-01,Blocked,P3,US,Desc for Test00672,"D039,D037,D026,D047"
Test00673,2023-01-23,2023-08-01,Blocked,P2,US,Desc for Test00673,
Test00674,2023-04-01,2023-07-09,Pass,P4,US,Desc for Test00674,
Test00675,2023-02-03,2023-06-23,Fail,P2,US,Desc for Test00675,"D046,D030,D016,D048,D047,D031,D024"
Test00676,2023-04-12,2023-08-01,Fail,P1,US,Desc for Test00676,"D002,D051,D001,D017,D036,D033,D030,D035"
Test00677,2023-02-11,,No run,P2,US,Desc for Test00677,
Test00678,2023-02-05,,No run,P1,US,Desc for Test00678,
Test00679,2023-03-19,2023-03-21,Pass,P1,US,Desc for Test00679,
Test00680,2023-02-03,2023-05-28,Pass,P1,US,Desc for Test00680,
Test00681,2023-01-29,2023-04-14,Blocked,P1,Europe,Desc for Test00681,"D002,D018,D032,D006,D021,D009"
Test00682,2023-04-14,2023-08-01,Blocked,P1,US,Desc for Test00682,"D053,D052"
Test00683,2023-01-21,2023-04-06,Blocked,P3,US,Desc for Test00683,"D009,D047,D003,D024,D025,D041,D010,D050,D024"
Test00684,2023-01-28,2023-08-01,Blocked,P1,US,Desc for Test00684,
Test00685,2023-04-22,,No run,P1,US,Desc for Test00685,
Test00686,2023-03-15,,No run,P3,US,Desc for Test00686,
Test00687,2023-02-01,2023-06-12,Blocked,P2,Europe,Desc for Test00687,D037
Test00688,2023-01-20,2023-05-23,Fail,P1,US,Desc for Test00688,"D028,D036,D047,D040,D024,D027,D022"
Test00689,2023-03-18,2023-07-10,Blocked,P3,US,Desc for Test00689,"D004,D025,D027"
Test00690,2023-01-17,2023-05-30,Fail,P2,US,Desc for Test00690,"D037,D011,D004,D001,D017,D024,D013,D044"
Test00691,2023-03-16,2023-07-08,Blocked,P3,Europe,Desc for Test00691,"D044,D010,D009,D023,D001,D016,D031,D047"
Test00692,2023-02-19,2023-06-11,Pass,P4,US,Desc for Test00692,
Test00693,2023-03-28,,No run,P4,Europe,Desc for Test00693,
Test00694,2023-02-27,,No run,P2,US,Desc for Test00694,
Test00695,2023-04-17,2023-08-01,Fail,P1,US,Desc for Test00695,"D021,D043,D029,D002,D020,D003,D020,D002,D019,D012"
Test00696,2023-04-22,2023-08-01,Fail,P3,Asia,Desc for Test00696,"D017,D027"
Test00697,2023-03-13,2023-07-28,Fail,P3,Europe,Desc for Test00697,"D027,D016,D046,D049,D035,D045,D038,D001,D044,D031"
Test00698,2023-03-20,2023-08-01,Pass,P2,US,Desc for Test00698,
Test00699,2023-04-02,2023-08-01,Blocked,P4,US,Desc for Test00699,"D048,D021,D005,D004,D019,D043,D018,D006,D046"
Test00700,2023-03-12,,No run,P4,US,Desc for Test00700,
Test00701,2023-02-11,2023-06-27,Blocked,P1,US,Desc for Test00701,"D045,D050,D045,D038,D021,D045,D019"
Test00702,2023-04-18,2023-06-21,Pass,P4,US,Desc for Test00702,
Test00703,2023-01-14,,No run,P4,US,Desc for Test00703,
Test00704,2023-04-21,2023-07-13,Fail,P1,US,Desc for Test00704,
Test00705,2023-01-23,,No run,P2,Europe,Desc for Test00705,
Test00706,2023-02-13,2023-05-27,Pass,P2,US,Desc for Test00706,
Test00707,2023-02-08,2023-03-30,Blocked,P3,US,Desc for Test00707,"D042,D044,D011,D012,D046,D007,D053,D034"
Test00708,2023-01-28,2023-06-01,Blocked,P2,US,Desc for Test00708,"D015,D013,D017"
Test00709,2023-03-16,2023-05-17,Blocked,P1,US,Desc for Test00709,"D005,D017"
Test00710,2023-03-11,,No run,P2,US,Desc for Test00710,
Test00711,2023-02-06,2023-08-01,Blocked,P1,US,Desc for Test00711,"D017,D050"
Test00712,2023-04-01,2023-06-05,Blocked,P4,Asia,Desc for Test00712,"D014,D040"
Test00713,2023-02-23,2023-08-01,Fail,P3,Europe,Desc for Test00713,"D043,D036,D014"
Test00714,2023-02-12,2023-07-05,Blocked,P4,US,Desc for Test00714,D009
Test00715,2023-01-14,,No run,P4,Asia,Desc for Test00715,
Test00716,2023-01-30,2023-03-10,Fail,P1,Europe,Desc for Test00716,"D006,D001,D013,D025,D020,D048"
Test00717,2023-03-09,2023-05-29,Pass,P3,US,Desc for Test00717,
Test00718,2023-03-30,2023-08-01,Blocked,P2,US,Desc for Test00718,"D049,D031,D003,D017"
Test00719,2023-02-04,,No run,P1,US,Desc for Test00719,
Test00720,2023-01-24,2023-03-26,Pass,P2,Asia,Desc for Test00720,
Test00721,2023-01-17,2023-07-17,Fail,P3,Europe,Desc for Test00721,D046
Test00722,2023-04-23,,No run,P4,US,Desc for Test00722,
Test00723,2023-03-02,2023-08-01,Pass,P1,US,Desc for Test00723,
Test00724,2023-02-05,2023-04-18,Pass,P4,US,Desc for Test00724,
Test00725,2023-03-09,2023-08-01,Blocked,P4,Europe,Desc for Test00725,D049
Test00726,2023-01-29,2023-04-12,Blocked,P4,US,Desc for Test00726,"D029,D007,D033,D030,D009,D013"
Test00727,2023-02-03,2023-08-01,Blocked,P4,US,Desc for Test00727,"D040,D038,D035,D015,D009,D024,D018,D023,D021,D028"
Test00728,2023-02-14,2023-05-11,Pass,P3,US,Desc for Test00728,
Test00729,2023-03-28,2023-05-21,Blocked,P3,US,Desc for Test00729,"D035,D009,D029,D020,D005"
Test00730,2023-04-08,2023-08-01,Blocked,P2,US,Desc for Test00730,"D039,D004,D032,D021,D035,D053"
Test00731,2023-03-02,2023-04-10,Blocked,P2,US,Desc for Test00731,"D037,D018,D010,D039,D014,D033,D014"
Test00732,2023-02-27,,No run,P4,US,Desc for Test00732,
Test00733,2023-01-26,2023-05-05,Pass,P3,Europe,Desc for Test00733,
Test00734,2023-03-23,2023-03-25,Blocked,P4,US,Desc for Test00734,"D001,D011"
Test00735,2023-03-25,,No run,P1,US,Desc for Test00735,
Test00736,2023-02-23,2023-08-01,Blocked,P1,Europe,Desc for Test00736,"D021,D037,D021,D018,D033,D045"
Test00737,2023-03-12,2023-06-01,Blocked,P2,Europe,Desc for Test00737,"D050,D040,D026,D011,D035,D039,D052"
Test00738,2023-01-22,,No run,P1,US,Desc for Test00738,
Test00739,2023-01-17,2023-03-23,Pass,P3,Asia,Desc for Test00739,
Test00740,2023-03-07,2023-08-01,Pass,P2,Europe,Desc for Test00740,
Test00741,2023-02-27,,No run,P4,US,Desc for Test00741,
Test00742,2023-02-15,2023-05-02,Blocked,P2,US,Desc for Test00742,D018
Test00743,2023-02-09,2023-02-15,Pass,P4,Europe,Desc for Test00743,
Test00744,2023-04-18,2023-07-03,Blocked,P2,Europe,Desc for Test00744,"D008,D021,D039,D051,D037,D016,D041,D029,D045,D028"
Test00745,2023-04-15,2023-08-01,Blocked,P3,Asia,Desc for Test00745,"D052,D053,D044,D023"
Test00746,2023-04-02,2023-08-01,Fail,P3,Asia,Desc for Test00746,"D026,D028,D050,D006,D040,D012,D017,D040,D052"
Test00747,2023-03-03,2023-06-18,Blocked,P2,US,Desc for Test00747,"D011,D027,D042,D047,D003,D044,D016,D032"
Test00748,2023-03-14,,No run,P3,Europe,Desc for Test00748,
Test00749,2023-02-21,2023-08-01,Pass,P2,US,Desc for Test00749,
Test00750,2023-02-07,2023-05-08,Fail,P2,US,Desc for Test00750,"D026,D048,D016,D001"
Test00751,2023-02-06,2023-04-29,Pass,P3,Europe,Desc for Test00751,
Test00752,2023-03-29,,No run,P1,US,Desc for Test00752,
Test00753,2023-04-21,2023-07-17,Blocked,P2,Asia,Desc for Test00753,"D029,D007"
Test00754,2023-03-13,2023-03-22,Blocked,P2,Asia,Desc for Test00754,"D050,D033,D045,D037,D050,D004,D002,D052"
Test00755,2023-01-13,2023-06-04,Blocked,P1,Asia,Desc for Test00755,"D028,D035,D008"
Test00756,2023-02-21,2023-02-26,Blocked,P2,US,Desc for Test00756,"D008,D023,D035,D030,D036"
Test00757,2023-03-16,2023-08-01,Fail,P1,Asia,Desc for Test00757,"D002,D045,D048"
Test00758,2023-01-28,,No run,P4,Asia,Desc for Test00758,
Test00759,2023-01-14,,No run,P1,US,Desc for Test00759,
Test00760,2023-04-04,,No run,P2,US,Desc for Test00760,
Test00761,2023-03-08,2023-03-23,Fail,P4,Asia,Desc for Test00761,D049
Test00762,2023-01-31,,No run,P2,US,Desc for Test00762,
Test00763,2023-04-10,2023-06-20,Blocked,P3,US,Desc for Test00763,"D030,D024,D012"
Test00764,2023-01-19,2023-01-19,Blocked,P1,US,Desc for Test00764,"D052,D026,D046,D024,D016,D007,D030,D032,D043"
Test00765,2023-04-10,,No run,P3,US,Desc for Test00765,
Test00766,2023-01-17,2023-03-25,Fail,P2,Europe,Desc for Test00766,"D032,D012,D009"
Test00767,2023-01-18,2023-08-01,Blocked,P2,US,Desc for Test00767,"D034,D014,D045,D042"
Test00768,2023-01-14,2023-04-07,Blocked,P4,US,Desc for Test00768,"D022,D013"
Test00769,2023-01-19,2023-07-12,Pass,P3,Asia,Desc for Test00769,
Test00770,2023-04-01,,No run,P1,US,Desc for Test00770,
Test00771,2023-03-03,2023-03-21,Blocked,P1,US,Desc for Test00771,"D050,D051,D015,D010,D001"
Test00772,2023-04-04,,No run,P2,US,Desc for Test00772,
Test00773,2023-03-25,2023-08-01,Blocked,P4,US,Desc for Test00773,"D018,D001,D043,D010,D033,D053,D024,D040"
Test00774,2023-02-24,2023-06-15,Blocked,P4,US,Desc for Test00774,"D021,D028,D042,D042"
Test00775,2023-02-12,2023-04-23,Fail,P4,US,Desc for Test00775,"D049,D048,D050,D053,D003,D033,D037,D037,D041"
Test00776,2023-01-22,2023-02-24,Blocked,P1,US,Desc for Test00776,"D003,D035,D048,D025,D028,D038,D022,D039,D003"
Test00777,2023-03-21,2023-08-01,Pass,P2,US,Desc for Test00777,
Test00778,2023-03-19,2023-04-03,Blocked,P1,US,Desc for Test00778,"D008,D050,D026,D036,D019"
Test00779,2023-04-04,2023-04-18,Blocked,P2,US,Desc for Test00779,
Test00780,2023-02-15,2023-07-05,Pass,P2,US,Desc for Test00780,
Test00781,2023-04-05,2023-07-17,Fail,P3,US,Desc for Test00781,"D023,D046,D013,D032,D044,D012"
Test00782,2023-03-21,,No run,P3,Europe,Desc for Test00782,
Test00783,2023-04-18,2023-04-27,Fail,P1,US,Desc for Test00783,"D027,D032,D052,D044,D053,D036,D033,D051,D046,D049"
Test00784,2023-01-16,2023-05-05,Blocked,P4,Asia,Desc for Test00784,"D003,D024,D039,D047,D012,D011,D027,D017"
Test00785,2023-02-12,2023-08-01,Fail,P4,Asia,Desc for Test00785,
Test00786,2023-03-23,2023-08-01,Blocked,P4,Asia,Desc for Test00786,"D027,D052,D012,D048"
Test00787,2023-04-10,2023-04-16,Blocked,P2,US,Desc for Test00787,"D033,D032,D047,D039,D049,D004,D038,D042,D017"
Test00788,2023-03-15,2023-05-19,Blocked,P1,US,Desc for Test00788,"D032,D014,D018,D037,D015,D010,D035"
Test00789,2023-04-04,2023-05-08,Fail,P2,Asia,Desc for Test00789,"D012,D008,D046,D009,D018,D038,D024,D028,D032"
Test00790,2023-03-13,2023-05-10,Pass,P4,US,Desc for Test00790,
Test00791,2023-03-30,2023-08-01,Pass,P2,Europe,Desc for Test00791,
Test00792,2023-04-10,2023-08-01,Blocked,P2,Europe,Desc for Test00792,D030
Test00793,2023-02-28,2023-04-11,Blocked,P2,Europe,Desc for Test00793,D008
Test00794,2023-01-27,2023-08-01,Blocked,P4,US,Desc for Test00794,"D038,D034,D011,D026,D002,D036,D030,D002"
Test00795,2023-03-21,2023-05-01,Fail,P1,US,Desc for Test00795,"D052,D002"
Test00796,2023-04-09,2023-05-31,Blocked,P2,US,Desc for Test00796,"D002,D037,D028,D010,D044"
Test00797,2023-03-10,2023-06-09,Blocked,P3,Asia,Desc for Test00797,"D020,D024,D045,D009,D048,D001,D005,D033,D019"
Test00798,2023-02-24,,No run,P4,US,Desc for Test00798,
Test00799,2023-02-25,,No run,P1,US,Desc for Test00799,
Test00800,2023-04-17,2023-07-05,Pass,P4,US,Desc for Test00800,
Test00801,2023-02-23,2023-06-30,Pass,P4,US,Desc for Test00801,
Test00802,2023-03-22,2023-08-01,Fail,P2,US,Desc for Test00802,"D018,D041,D004,D029,D049,D037,D026,D033,D035,D014"
Test00803,2023-03-22,2023-08-01,Blocked,P4,US,Desc for Test00803,"D009,D040"
Test00804,2023-04-09,2023-08-01,Blocked,P4,Europe,Desc for Test00804,"D028,D035"
Test00805,2023-01-29,2023-02-15,Blocked,P4,Asia,Desc for Test00805,"D016,D027,D004,D042,D041,D051,D039"
Test00806,2023-02-18,2023-05-28,Fail,P3,Europe,Desc for Test00806,"D034,D005,D020"
Test00807,2023-03-21,2023-08-01,Fail,P4,Asia,Desc for Test00807,"D034,D022,D045,D029"
Test00808,2023-03-20,2023-05-28,Blocked,P2,Asia,Desc for Test00808,"D041,D016"
Test00809,2023-01-27,2023-08-01,Pass,P4,US,Desc for Test00809,
Test00810,2023-04-14,2023-05-06,Blocked,P2,US,Desc for Test00810,"D044,D026,D036,D048,D050,D004,D017"
Test00811,2023-04-04,,No run,P2,Asia,Desc for Test00811,
Test00812,2023-01-14,2023-02-25,Pass,P3,US,Desc for Test00812,
Test00813,2023-04-02,2023-08-01,Pass,P4,US,Desc for Test00813,
Test00814,2023-02-04,2023-08-01,Fail,P2,Europe,Desc for Test00814,D009
Test00815,2023-03-22,2023-08-01,Blocked,P2,Asia,Desc for Test00815,"D048,D031,D002"
Test00816,2023-03-11,2023-05-16,Blocked,P1,US,Desc for Test00816,"D023,D050,D017,D014,D039,D035,D014,D046"
Test00817,2023-04-03,2023-04-29,Blocked,P3,Asia,Desc for Test00817,"D043,D023,D028,D039"
Test00818,2023-04-08,2023-08-01,Blocked,P1,Asia,Desc for Test00818,"D038,D032,D007,D005"
Test00819,2023-01-15,2023-01-19,Blocked,P1,US,Desc for Test00819,"D011,D043,D022"
Test00820,2023-02-25,,No run,P2,US,Desc for Test00820,
Test00821,2023-03-28,2023-07-02,Blocked,P3,US,Desc for Test00821,D015
Test00822,2023-01-19,2023-08-01,Fail,P1,Europe,Desc for Test00822,"D034,D027"
Test00823,2023-02-04,2023-07-22,Fail,P3,Europe,Desc for Test00823,"D028,D030,D017,D008"
Test00824,2023-01-26,2023-02-16,Fail,P1,US,Desc for Test00824,"D048,D003,D032,D013,D034"
Test00825,2023-03-30,2023-08-01,Blocked,P4,US,Desc for Test00825,"D016,D021,D008,D039,D053,D024"
Test00826,2023-02-03,,No run,P1,Asia,Desc for Test00826,
Test00827,2023-02-12,2023-08-01,Blocked,P1,Asia,Desc for Test00827,D045
Test00828,2023-03-19,,No run,P3,US,Desc for Test00828,
Test00829,2023-03-22,2023-06-18,Pass,P2,US,Desc for Test00829,
Test00830,2023-04-15,2023-05-15,Blocked,P2,Asia,Desc for Test00830,"D026,D009,D036,D039,D049,D037"
Test00831,2023-02-19,,No run,P4,US,Desc for Test00831,
Test00832,2023-02-26,2023-06-19,Blocked,P2,Asia,Desc for Test00832,"D021,D017,D029,D012,D002"
Test00833,2023-02-05,,No run,P2,US,Desc for Test00833,
Test00834,2023-03-15,2023-08-01,Blocked,P1,US,Desc for Test00834,D044
Test00835,2023-02-03,2023-08-01,Blocked,P2,Europe,Desc for Test00835,
Test00836,2023-04-11,2023-08-01,Blocked,P2,US,Desc for Test00836,"D001,D024,D009,D034,D052,D038,D035,D007"
Test00837,2023-02-26,2023-07-21,Fail,P1,Asia,Desc for Test00837,
Test00838,2023-01-27,2023-05-26,Blocked,P3,Europe,Desc for Test00838,D016
Test00839,2023-01-27,,No run,P4,Asia,Desc for Test00839,
Test00840,2023-02-05,2023-07-03,Blocked,P4,Asia,Desc for Test00840,"D044,D049,D039,D002,D023,D012,D041,D041,D012,D024"
Test00841,2023-04-11,2023-08-01,Blocked,P1,Asia,Desc for Test00841,"D009,D021,D015,D018,D053,D029,D043"
Test00842,2023-02-23,2023-08-01,Fail,P4,US,Desc for Test00842,
Test00843,2023-03-09,2023-08-01,Fail,P1,US,Desc for Test00843,"D001,D016,D044,D014,D040,D015"
Test00844,2023-04-06,2023-08-01,Fail,P4,US,Desc for Test00844,"D047,D001,D020,D019,D034,D027,D016"
Test00845,2023-02-14,2023-08-01,Fail,P1,Asia,Desc for Test00845,"D009,D019,D039,D052,D002,D051,D001"
Test00846,2023-02-08,2023-03-11,Blocked,P4,Asia,Desc for Test00846,"D021,D028"
Test00847,2023-03-27,2023-06-14,Blocked,P1,Asia,Desc for Test00847,
Test00848,2023-02-11,2023-08-01,Fail,P2,US,Desc for Test00848,"D009,D004,D043,D002,D022,D004,D015"
Test00849,2023-01-30,2023-05-03,Blocked,P4,Europe,Desc for Test00849,
Test00850,2023-02-13,2023-06-25,Blocked,P2,US,Desc for Test00850,D028
Test00851,2023-03-08,2023-04-15,Pass,P2,Asia,Desc for Test00851,
Test00852,2023-02-20,2023-04-02,Blocked,P4,US,Desc for Test00852,D008
Test00853,2023-02-01,2023-05-12,Pass,P2,US,Desc for Test00853,
Test00854,2023-01-25,2023-06-03,Pass,P2,US,Desc for Test00854,
Test00855,2023-03-06,2023-08-01,Blocked,P4,US,Desc for Test00855,"D053,D032,D008,D045,D053"
Test00856,2023-02-02,,No run,P4,US,Desc for Test00856,
Test00857,2023-02-13,2023-04-05,Blocked,P4,US,Desc for Test00857,"D011,D053,D018,D049,D032,D037,D031"
Test00858,2023-03-13,2023-06-27,Blocked,P4,US,Desc for Test00858,"D042,D025"
Test00859,2023-02-13,,No run,P3,US,Desc for Test00859,
Test00860,2023-03-08,2023-08-01,Blocked,P2,Europe,Desc for Test00860,
Test00861,2023-04-17,,No run,P4,US,Desc for Test00861,
Test00862,2023-01-16,,No run,P4,US,Desc for Test00862,
Test00863,2023-01-22,2023-03-18,Blocked,P2,US,Desc for Test00863,D017
Test00864,2023-01-27,2023-02-02,Fail,P3,Europe,Desc for Test00864,"D023,D039,D042,D025,D038,D036,D047,D008,D045"
Test00865,2023-01-26,,No run,P2,US,Desc for Test00865,
Test00866,2023-02-27,2023-07-19,Blocked,P3,Asia,Desc for Test00866,"D031,D025,D033,D040,D021,D023,D023,D018"
Test00867,2023-04-11,,No run,P4,Europe,Desc for Test00867,
Test00868,2023-02-27,,No run,P1,US,Desc for Test00868,
Test00869,2023-03-04,2023-05-01,Blocked,P3,US,Desc for Test00869,"D040,D003,D045"
Test00870,2023-03-20,2023-05-14,Blocked,P2,US,Desc for Test00870,"D005,D029,D002,D051,D051,D024"
Test00871,2023-03-02,,No run,P1,US,Desc for Test00871,
Test00872,2023-02-14,2023-04-27,Fail,P2,Europe,Desc for Test00872,"D027,D022,D021"
Test00873,2023-03-02,2023-03-31,Pass,P2,Europe,Desc for Test00873,
Test00874,2023-03-30,2023-06-08,Fail,P2,US,Desc for Test00874,"D017,D052"
Test00875,2023-04-20,2023-07-09,Blocked,P2,US,Desc for Test00875,"D019,D028,D049,D049,D012,D009,D011,D002,D012"
Test00876,2023-01-31,,No run,P4,Asia,Desc for Test00876,
Test00877,2023-03-09,2023-08-01,Blocked,P2,US,Desc for Test00877,D012
Test00878,2023-04-20,2023-05-08,Fail,P2,US,Desc for Test00878,D046
Test00879,2023-04-15,,No run,P4,US,Desc for Test00879,
Test00880,2023-02-18,2023-06-03,Fail,P2,Europe,Desc for Test00880,"D052,D052,D040,D028,D006"
Test00881,2023-01-15,2023-08-01,Pass,P2,Europe,Desc for Test00881,
Test00882,2023-04-08,,No run,P1,US,Desc for Test00882,
Test00883,2023-01-31,2023-04-06,Blocked,P2,US,Desc for Test00883,"D034,D012,D037,D004,D017,D024,D011,D010,D026"
Test00884,2023-01-31,2023-02-15,Blocked,P2,US,Desc for Test00884,D016
Test00885,2023-01-30,2023-06-21,Blocked,P4,US,Desc for Test00885,"D008,D004,D026"
Test00886,2023-01-27,,No run,P1,US,Desc for Test00886,
Test00887,2023-03-08,2023-05-06,Blocked,P2,US,Desc for Test00887,"D001,D033,D028,D041,D030,D044,D009,D027,D031"
Test00888,2023-04-23,2023-07-30,Blocked,P2,Europe,Desc for Test00888,"D034,D002,D029"
Test00889,2023-04-11,2023-06-20,Blocked,P1,US,Desc for Test00889,"D015,D050,D031,D012,D007"
Test00890,2023-01-21,2023-02-18,Blocked,P1,Asia,Desc for Test00890,"D043,D049,D007,D023,D005,D012"
Test00891,2023-04-11,2023-07-07,Fail,P2,Asia,Desc for Test00891,"D027,D002,D031,D045,D023,D024,D042,D025,D014"
Test00892,2023-03-22,2023-08-01,Pass,P2,Asia,Desc for Test00892,
Test00893,2023-01-22,2023-05-01,Pass,P2,Europe,Desc for Test00893,
Test00894,2023-02-08,2023-08-01,Fail,P1,US,Desc for Test00894,"D021,D030,D021,D035"
Test00895,2023-01-28,2023-02-24,Pass,P2,US,Desc for Test00895,
Test00896,2023-03-04,2023-05-07,Pass,P2,US,Desc for Test00896,
Test00897,2023-02-15,,No run,P2,US,Desc for Test00897,
Test00898,2023-04-22,2023-08-01,Blocked,P3,US,Desc for Test00898,
Test00899,2023-03-23,2023-05-15,Pass,P3,US,Desc for Test00899,
Test00900,2023-04-03,2023-08-01,Blocked,P2,US,Desc for Test00900,"D021,D004,D012,D043,D037,D010,D036,D002,D040,D018"
Test00901,2023-02-20,2023-05-20,Fail,P2,US,Desc for Test00901,"D052,D002,D012,D006,D040,D008,D050,D008,D047,D001"
Test00902,2023-04-19,2023-07-16,Blocked,P4,US,Desc for Test00902,"D002,D036,D023,D036"
Test00903,2023-04-19,2023-08-01,Blocked,P4,US,Desc for Test00903,"D038,D035,D026,D013,D033,D018,D022,D014"
Test00904,2023-04-11,2023-04-22,Fail,P1,US,Desc for Test00904,"D020,D039,D018,D021"
Test00905,2023-02-21,2023-08-01,Blocked,P1,US,Desc for Test00905,"D030,D019,D029"
Test00906,2023-03-09,2023-07-12,Blocked,P4,US,Desc for Test00906,"D027,D015,D046,D017,D017"
Test00907,2023-03-24,2023-05-27,Blocked,P3,US,Desc for Test00907,"D004,D049,D018,D009"
Test00908,2023-02-08,2023-06-24,Blocked,P3,Europe,Desc for Test00908,"D041,D030,D032,D046,D014,D014"
Test00909,2023-03-22,,No run,P2,Europe,Desc for Test00909,
Test00910,2023-02-17,2023-06-19,Fail,P1,US,Desc for Test00910,D021
Test00911,2023-01-14,2023-08-01,Blocked,P4,Asia,Desc for Test00911,"D009,D029,D021,D043,D008,D053,D027,D035,D049"
Test00912,2023-03-07,2023-08-01,Fail,P2,US,Desc for Test00912,"D036,D017,D024,D015,D035,D014,D010,D021,D006,D007"
Test00913,2023-02-23,2023-08-01,Fail,P3,US,Desc for Test00913,"D007,D018,D027,D013"
Test00914,2023-04-06,2023-06-10,Blocked,P1,US,Desc for Test00914,"D036,D052,D009,D032,D028,D052,D022,D039,D045"
Test00915,2023-02-25,2023-04-18,Fail,P2,Asia,Desc for Test00915,"D034,D005,D014,D002,D022,D041"
Test00916,2023-04-23,2023-06-24,Pass,P4,Europe,Desc for Test00916,
Test00917,2023-02-08,2023-05-25,Fail,P3,Asia,Desc for Test00917,"D011,D046,D047"
Test00918,2023-02-02,2023-08-01,Blocked,P2,Asia,Desc for Test00918,"D037,D029,D005"
Test00919,2023-03-28,2023-08-01,Pass,P2,Asia,Desc for Test00919,
Test00920,2023-01-25,2023-05-19,Blocked,P2,Europe,Desc for Test00920,"D051,D017,D019,D045"
Test00921,2023-03-31,2023-08-01,Fail,P3,Asia,Desc for Test00921,"D019,D045"
Test00922,2023-04-15,,No run,P2,US,Desc for Test00922,
Test00923,2023-04-18,2023-07-03,Blocked,P4,US,Desc for Test00923,"D012,D042,D004,D052,D034,D010"
Test00924,2023-01-19,2023-06-12,Blocked,P1,US,Desc for Test00924,"D027,D036,D042,D011,D046,D006,D039,D049,D021,D014"
Test00925,2023-03-06,2023-04-13,Blocked,P2,US,Desc for Test00925,D016
Test00926,2023-02-12,,No run,P2,US,Desc for Test00926,
Test00927,2023-04-09,,No run,P2,Asia,Desc for Test00927,
Test00928,2023-02-06,2023-02-26,Blocked,P1,Europe,Desc for Test00928,"D031,D023,D040"
Test00929,2023-03-07,2023-03-28,Pass,P1,US,Desc for Test00929,
Test00930,2023-01-31,,No run,P4,US,Desc for Test00930,
Test00931,2023-03-26,2023-04-01,Blocked,P2,US,Desc for Test00931,"D047,D035,D022,D003,D046,D048"
Test00932,2023-02-17,2023-07-26,Pass,P2,US,Desc for Test00932,
Test00933,2023-02-06,2023-02-07,Pass,P1,US,Desc for Test00933,
Test00934,2023-04-03,,No run,P3,US,Desc for Test00934,
Test00935,2023-04-21,2023-08-01,Fail,P4,Asia,Desc for Test00935,D008
Test00936,2023-04-19,2023-08-01,Fail,P4,US,Desc for Test00936,"D045,D050,D023,D009,D003,D028"
Test00937,2023-01-31,2023-06-30,Blocked,P2,Europe,Desc for Test00937,"D025,D003,D012,D011,D013,D007"
Test00938,2023-03-25,2023-03-26,Fail,P1,Asia,Desc for Test00938,
Test00939,2023-02-10,2023-03-13,Pass,P2,Asia,Desc for Test00939,
Test00940,2023-04-22,2023-08-01,Blocked,P4,Asia,Desc for Test00940,"D005,D051,D040,D040,D024"
Test00941,2023-04-15,2023-08-01,Fail,P1,US,Desc for Test00941,
Test00942,2023-03-03,2023-03-31,Fail,P2,Asia,Desc for Test00942,"D021,D040,D047,D009,D049,D030,D004,D053,D025"
Test00943,2023-03-04,2023-03-30,Blocked,P3,Europe,Desc for Test00943,"D026,D020,D001,D025"
Test00944,2023-03-16,2023-07-20,Pass,P3,US,Desc for Test00944,
Test00945,2023-04-19,,No run,P1,US,Desc for Test00945,
Test00946,2023-02-11,2023-05-07,Blocked,P4,US,Desc for Test00946,"D042,D042,D005"
Test00947,2023-02-02,,No run,P4,US,Desc for Test00947,
Test00948,2023-04-03,2023-08-01,Blocked,P1,Europe,Desc for Test00948,"D007,D046,D011,D010,D003,D018"
Test00949,2023-04-04,,No run,P4,US,Desc for Test00949,
Test00950,2023-02-14,2023-08-01,Fail,P3,Asia,Desc for Test00950,"D020,D011,D046,D017,D013,D017,D041"
Test00951,2023-03-08,,No run,P2,US,Desc for Test00951,
Test00952,2023-01-19,2023-02-21,Blocked,P3,US,Desc for Test00952,D019
Test00953,2023-01-14,2023-03-23,Fail,P2,US,Desc for Test00953,"D043,D028,D036,D012,D051,D042,D001,D053,D042"
Test00954,2023-03-04,,No run,P2,Asia,Desc for Test00954,
Test00955,2023-04-21,2023-08-01,Fail,P2,Europe,Desc for Test00955,"D045,D003,D043"
Test00956,2023-03-06,2023-08-01,Blocked,P3,Asia,Desc for Test00956,"D052,D023,D049,D051,D045,D033,D018,D046"
Test00957,2023-02-14,2023-03-24,Fail,P2,US,Desc for Test00957,"D041,D007,D051,D044,D029,D031,D006"
Test00958,2023-03-26,2023-06-24,Blocked,P3,US,Desc for Test00958,"D006,D018,D040,D053,D050"
Test00959,2023-01-16,2023-02-01,Blocked,P3,US,Desc for Test00959,
Test00960,2023-04-15,,No run,P2,Asia,Desc for Test00960,
Test00961,2023-02-28,2023-06-21,Blocked,P2,US,Desc for Test00961,"D006,D026"
Test00962,2023-02-16,2023-08-01,Fail,P3,Europe,Desc for Test00962,"D002,D032"
Test00963,2023-04-06,2023-05-05,Blocked,P2,US,Desc for Test00963,"D035,D050,D013,D007,D045,D008,D042"
Test00964,2023-01-18,2023-06-11,Pass,P2,US,Desc for Test00964,
Test00965,2023-03-21,,No run,P3,Asia,Desc for Test00965,
Test00966,2023-02-22,,No run,P4,US,Desc for Test00966,
Test00967,2023-04-20,2023-08-01,Blocked,P3,Europe,Desc for Test00967,D022
Test00968,2023-04-09,2023-08-01,Pass,P4,Europe,Desc for Test00968,
Test00969,2023-01-27,2023-03-03,Blocked,P2,US,Desc for Test00969,"D002,D020,D044,D016,D002"
Test00970,2023-02-22,2023-05-17,Fail,P2,Europe,Desc for Test00970,"D047,D007,D025,D053,D031,D031,D049,D006,D028"
Test00971,2023-02-22,,No run,P1,Asia,Desc for Test00971,
Test00972,2023-03-01,2023-06-28,Blocked,P3,Asia,Desc for Test00972,"D031,D005,D001,D001,D012,D002,D050,D043,D042,D044"
Test00973,2023-01-22,2023-05-07,Fail,P4,Asia,Desc for Test00973,"D029,D018,D035,D001,D006,D012"
Test00974,2023-03-03,2023-08-01,Blocked,P2,US,Desc for Test00974,
Test00975,2023-03-20,2023-07-29,Blocked,P2,US,Desc for Test00975,"D020,D031,D015,D006"
Test00976,2023-02-03,2023-02-08,Blocked,P4,US,Desc for Test00976,"D011,D010,D032,D006,D046"
Test00977,2023-03-14,2023-07-05,Fail,P4,US,Desc for Test00977,"D024,D035,D024,D041,D014,D036,D002,D045"
Test00978,2023-04-17,2023-08-01,Blocked,P2,Europe,Desc for Test00978,"D003,D002,D005,D021"
Test00979,2023-02-25,2023-08-01,Blocked,P2,Europe,Desc for Test00979,D034
Test00980,2023-03-14,2023-07-02,Blocked,P2,Asia,Desc for Test00980,"D016,D003"
Test00981,2023-01-14,,No run,P1,US,Desc for Test00981,
Test00982,2023-04-02,2023-04-08,Blocked,P3,US,Desc for Test00982,
Test00983,2023-02-28,2023-06-28,Fail,P1,US,Desc for Test00983,D046
Test00984,2023-02-08,2023-03-02,Fail,P4,Europe,Desc for Test00984,"D029,D008,D022,D011,D020,D047,D028,D028,D049"
Test00985,2023-01-14,2023-05-14,Blocked,P2,US,Desc for Test00985,D002
Test00986,2023-01-29,2023-03-03,Fail,P1,US,Desc for Test00986,"D003,D001,D052,D051,D027,D002,D007,D003,D015,D027"
Test00987,2023-04-22,2023-08-01,Pass,P3,US,Desc for Test00987,
Test00988,2023-04-03,2023-08-01,Blocked,P4,Europe,Desc for Test00988,
Test00989,2023-02-03,2023-08-01,Blocked,P2,US,Desc for Test00989,"D006,D022,D040,D020,D005,D021,D029,D041,D011"
Test00990,2023-01-27,2023-07-05,Fail,P3,US,Desc for Test00990,"D021,D024"
Test00991,2023-04-20,,No run,P1,Asia,Desc for Test00991,
Test00992,2023-01-24,2023-07-26,Blocked,P2,Asia,Desc for Test00992,"D043,D034,D048,D049,D017"
Test00993,2023-01-26,2023-07-03,Blocked,P2,US,Desc for Test00993,
Test00994,2023-01-20,2023-08-01,Blocked,P2,US,Desc for Test00994,"D020,D041,D022"
Test00995,2023-03-14,,No run,P4,Europe,Desc for Test00995,
Test00996,2023-01-23,2023-03-08,Pass,P3,US,Desc for Test00996,
Test00997,2023-01-15,2023-07-07,Fail,P2,Asia,Desc for Test00997,"D034,D012,D043,D010,D004,D047,D052"
Test00998,2023-02-05,2023-03-10,Blocked,P2,US,Desc for Test00998,"D044,D011,D012"
Test00999,2023-01-23,2023-04-04,Fail,P3,Asia,Desc for Test00999,"D042,D025,D053,D033,D028,D009,D024,D003,D012"
Test001000,2023-02-03,2023-03-08,Blocked,P2,US,Desc for Test001000,"D001,D048"
Test001001,2023-03-22,2023-08-01,Fail,P1,US,Desc for Test001001,"D052,D029,D012,D039,D005,D022,D047,D036,D053,D026"
Test001002,2023-01-14,2023-07-06,Pass,P3,US,Desc for Test001002,
Test001003,2023-03-12,2023-04-27,Blocked,P2,US,Desc for Test001003,"D027,D022,D022,D031,D018,D004,D016,D052,D004"
Test001004,2023-01-21,2023-06-13,Blocked,P4,Asia,Desc for Test001004,"D014,D052,D030,D010,D050,D053,D053,D047,D012"
Test001005,2023-03-02,,No run,P4,US,Desc for Test001005,
Test001006,2023-02-17,2023-05-03,Pass,P2,Asia,Desc for Test001006,
Test001007,2023-03-20,,No run,P3,Asia,Desc for Test001007,
Test001008,2023-02-03,2023-03-07,Blocked,P1,US,Desc for Test001008,"D012,D031,D025,D017,D004"